-- phpMyAdmin SQL Dump
-- version 5.2.1
-- https://www.phpmyadmin.net/
--
-- Host: 127.0.0.1
-- Generation Time: Jul 04, 2025 at 09:40 AM
-- Server version: 10.4.32-MariaDB
-- PHP Version: 8.1.25

SET SQL_MODE = "NO_AUTO_VALUE_ON_ZERO";
START TRANSACTION;
SET time_zone = "+00:00";


/*!40101 SET @OLD_CHARACTER_SET_CLIENT=@@CHARACTER_SET_CLIENT */;
/*!40101 SET @OLD_CHARACTER_SET_RESULTS=@@CHARACTER_SET_RESULTS */;
/*!40101 SET @OLD_COLLATION_CONNECTION=@@COLLATION_CONNECTION */;
/*!40101 SET NAMES utf8mb4 */;

--
-- Database: `esp_tracker`
--

-- --------------------------------------------------------

--
-- Table structure for table `finished_flags`
--

CREATE TABLE `finished_flags` (
  `work_plan_id` int(11) NOT NULL,
  `is_finished` tinyint(1) NOT NULL DEFAULT 0,
  `updated_at` datetime DEFAULT current_timestamp() ON UPDATE current_timestamp()
) ENGINE=InnoDB DEFAULT CHARSET=utf8mb4 COLLATE=utf8mb4_general_ci;

--
-- Dumping data for table `finished_flags`
--

INSERT INTO `finished_flags` (`work_plan_id`, `is_finished`, `updated_at`) VALUES
(24, 1, '2025-07-03 11:02:47'),
(29, 1, '2025-07-03 16:45:11'),
(33, 1, '2025-07-03 15:17:09');

-- --------------------------------------------------------

--
-- Table structure for table `logs`
--

CREATE TABLE `logs` (
  `id` int(11) NOT NULL,
  `work_plan_id` int(11) DEFAULT NULL,
  `process_number` int(11) DEFAULT NULL,
  `status` enum('start','stop') NOT NULL,
  `timestamp` datetime NOT NULL
) ENGINE=InnoDB DEFAULT CHARSET=utf8mb4 COLLATE=utf8mb4_general_ci;

--
-- Dumping data for table `logs`
--

INSERT INTO `logs` (`id`, `work_plan_id`, `process_number`, `status`, `timestamp`) VALUES
(5, 4, 1, 'start', '2025-07-02 09:27:07'),
(6, 6, 1, 'start', '2025-07-02 09:34:14'),
(7, 4, 1, 'stop', '2025-07-02 09:38:07'),
(8, 4, 2, 'start', '2025-07-02 09:38:32'),
(9, 6, 2, 'start', '2025-07-02 09:41:29'),
(10, 6, 1, 'stop', '2025-07-02 09:41:47'),
(11, 4, 2, 'stop', '2025-07-02 09:47:39'),
(12, 6, 2, 'stop', '2025-07-02 09:52:28'),
(13, 6, 5, 'start', '2025-07-02 09:52:37'),
(14, 6, 3, 'start', '2025-07-02 09:59:43'),
(15, 4, 3, 'start', '2025-07-02 10:01:15'),
(16, 6, 3, 'stop', '2025-07-02 10:08:18'),
(17, 6, 5, 'stop', '2025-07-02 10:13:49'),
(18, 6, 4, 'start', '2025-07-02 10:20:34'),
(19, 2, 2, 'start', '2025-07-02 10:43:30'),
(20, 6, 6, 'start', '2025-07-02 10:52:48'),
(21, 6, 4, 'stop', '2025-07-02 10:54:12'),
(22, 4, 3, 'stop', '2025-07-02 10:59:42'),
(23, 4, 5, 'start', '2025-07-02 11:02:04'),
(24, 6, 6, 'stop', '2025-07-02 11:03:52'),
(25, 4, 4, 'start', '2025-07-02 11:04:04'),
(26, 6, 6, 'stop', '2025-07-02 11:04:09'),
(27, 4, 4, 'start', '2025-07-02 11:04:10'),
(28, 6, 7, 'start', '2025-07-02 11:15:55'),
(29, 4, 5, 'stop', '2025-07-02 11:16:38'),
(30, 4, 5, 'stop', '2025-07-02 11:16:42'),
(31, 4, 4, 'stop', '2025-07-02 11:27:34'),
(32, 6, 7, 'stop', '2025-07-02 11:44:01'),
(33, 6, 8, 'start', '2025-07-02 11:44:04'),
(34, 7, 1, 'start', '2025-07-02 11:50:00'),
(35, 7, 1, 'stop', '2025-07-02 11:50:52'),
(36, 7, 2, 'start', '2025-07-02 11:50:54'),
(37, 6, 8, 'stop', '2025-07-02 11:54:46'),
(38, 2, 2, 'stop', '2025-07-02 11:59:35'),
(39, 2, 4, 'start', '2025-07-02 11:59:45'),
(40, 2, 4, 'stop', '2025-07-02 12:17:19'),
(41, 2, 6, 'start', '2025-07-02 13:22:48'),
(42, 2, 3, 'start', '2025-07-02 13:28:12'),
(43, 8, 1, 'start', '2025-07-02 13:38:38'),
(44, 2, 3, 'stop', '2025-07-02 13:38:43'),
(45, 2, 6, 'stop', '2025-07-02 13:53:40'),
(46, 2, 5, 'start', '2025-07-02 13:53:46'),
(47, 2, 5, 'stop', '2025-07-02 14:04:54'),
(48, 2, 7, 'start', '2025-07-02 14:10:02'),
(49, 8, 2, 'start', '2025-07-02 14:12:05'),
(50, 8, 1, 'stop', '2025-07-02 14:24:06'),
(51, 7, 3, 'start', '2025-07-02 14:25:49'),
(52, 8, 3, 'start', '2025-07-02 14:30:57'),
(53, 2, 7, 'stop', '2025-07-02 14:32:08'),
(54, 2, 8, 'start', '2025-07-02 14:35:13'),
(55, 7, 2, 'stop', '2025-07-02 14:35:35'),
(56, 7, 6, 'start', '2025-07-02 14:46:16'),
(57, 7, 3, 'stop', '2025-07-02 14:54:06'),
(58, 7, 5, 'start', '2025-07-02 14:54:32'),
(59, 7, 6, 'stop', '2025-07-02 14:54:46'),
(60, 2, 8, 'stop', '2025-07-02 15:11:13'),
(61, 7, 4, 'start', '2025-07-02 15:11:15'),
(62, 7, 5, 'stop', '2025-07-02 15:13:19'),
(63, 2, 1, 'start', '2025-07-02 10:33:12'),
(64, 2, 1, 'stop', '2025-07-02 10:43:21'),
(65, 3, 1, 'start', '2025-07-02 15:11:30'),
(66, 3, 1, 'stop', '2025-07-02 15:21:06'),
(67, 3, 2, 'start', '2025-07-02 15:21:10'),
(68, 3, 2, 'stop', '2025-07-02 15:30:49'),
(69, 7, 4, 'stop', '2025-07-02 15:40:55'),
(70, 8, 4, 'start', '2025-07-02 16:17:10'),
(71, 8, 3, 'stop', '2025-07-02 16:31:40'),
(72, 8, 4, 'stop', '2025-07-02 16:41:56'),
(73, 33, 1, 'start', '2025-07-03 09:17:08'),
(74, 24, 1, 'start', '2025-07-03 09:26:43'),
(75, 24, 1, 'stop', '2025-07-03 09:31:57'),
(76, 33, 1, 'stop', '2025-07-03 09:34:06'),
(77, 24, 2, 'start', '2025-07-03 09:36:00'),
(78, 33, 2, 'start', '2025-07-03 09:39:49'),
(79, 24, 2, 'stop', '2025-07-03 09:59:56'),
(80, 24, 3, 'start', '2025-07-03 09:59:58'),
(81, 24, 3, 'stop', '2025-07-03 10:04:17'),
(82, 24, 4, 'start', '2025-07-03 10:07:13'),
(83, 33, 2, 'stop', '2025-07-03 10:37:24'),
(84, 24, 4, 'stop', '2025-07-03 10:40:03'),
(85, 24, 5, 'start', '2025-07-03 10:41:03'),
(86, 33, 3, 'start', '2025-07-03 10:42:04'),
(87, 33, 8, 'start', '2025-07-03 10:53:27'),
(88, 24, 5, 'stop', '2025-07-03 10:55:55'),
(89, 29, 1, 'start', '2025-07-03 11:03:59'),
(90, 33, 3, 'stop', '2025-07-03 11:15:28'),
(91, 33, 4, 'start', '2025-07-03 11:23:56'),
(92, 33, 4, 'stop', '2025-07-03 11:57:06'),
(93, 33, 9, 'start', '2025-07-03 12:01:35'),
(94, 33, 9, 'stop', '2025-07-03 12:20:47'),
(95, 33, 8, 'stop', '2025-07-03 15:17:12'),
(96, 33, 5, 'stop', '2025-07-03 15:17:14'),
(97, 33, 6, 'stop', '2025-07-03 15:17:14'),
(98, 33, 7, 'stop', '2025-07-03 15:17:14'),
(99, 29, 1, 'stop', '2025-07-03 16:43:21'),
(100, 29, 2, 'stop', '2025-07-03 16:45:10'),
(101, 29, 3, 'stop', '2025-07-03 16:45:10'),
(102, 29, 4, 'stop', '2025-07-03 16:45:10'),
(103, 29, 5, 'stop', '2025-07-03 16:45:11'),
(104, 29, 6, 'stop', '2025-07-03 16:45:11'),
(105, 37, 1, 'start', '2025-07-04 09:39:53'),
(106, 37, 1, 'stop', '2025-07-04 09:46:31'),
(107, 37, 2, 'start', '2025-07-04 09:46:37'),
(108, 47, 1, 'start', '2025-07-04 09:53:16'),
(109, 47, 2, 'start', '2025-07-04 10:01:36'),
(110, 37, 2, 'stop', '2025-07-04 10:11:31'),
(111, 37, 3, 'start', '2025-07-04 10:11:35'),
(112, 37, 3, 'stop', '2025-07-04 10:25:38'),
(113, 37, 4, 'start', '2025-07-04 10:25:45'),
(114, 47, 2, 'stop', '2025-07-04 10:30:45'),
(115, 47, 1, 'stop', '2025-07-04 10:30:48'),
(116, 47, 3, 'start', '2025-07-04 10:39:51'),
(117, 47, 3, 'start', '2025-07-04 10:39:51'),
(118, 37, 4, 'stop', '2025-07-04 10:57:12'),
(119, 37, 5, 'start', '2025-07-04 10:57:17'),
(120, 47, 3, 'stop', '2025-07-04 10:58:23'),
(121, 47, 4, 'start', '2025-07-04 11:06:32'),
(122, 38, 1, 'start', '2025-07-04 11:08:10'),
(123, 38, 1, 'stop', '2025-07-04 11:11:25'),
(124, 38, 2, 'start', '2025-07-04 11:11:38'),
(125, 47, 4, 'stop', '2025-07-04 11:26:33'),
(126, 47, 5, 'start', '2025-07-04 11:28:40'),
(127, 47, 12, 'start', '2025-07-04 11:40:16'),
(128, 38, 2, 'stop', '2025-07-04 11:43:48'),
(129, 38, 3, 'start', '2025-07-04 11:44:35'),
(130, 47, 5, 'stop', '2025-07-04 11:58:30'),
(131, 47, 6, 'start', '2025-07-04 11:58:34'),
(132, 38, 4, 'start', '2025-07-04 12:04:02'),
(133, 38, 4, 'stop', '2025-07-04 12:14:13'),
(134, 38, 3, 'stop', '2025-07-04 12:17:21'),
(135, 47, 6, 'stop', '2025-07-04 12:20:54'),
(136, 47, 7, 'start', '2025-07-04 13:20:55'),
(137, 38, 5, 'start', '2025-07-04 13:33:44'),
(138, 47, 7, 'stop', '2025-07-04 13:43:38'),
(139, 47, 8, 'start', '2025-07-04 13:48:20'),
(140, 38, 5, 'stop', '2025-07-04 13:51:23'),
(141, 37, 5, 'stop', '2025-07-04 14:01:08'),
(142, 37, 6, 'start', '2025-07-04 14:01:12'),
(143, 47, 8, 'stop', '2025-07-04 14:06:48'),
(144, 47, 9, 'start', '2025-07-04 14:06:52'),
(145, 37, 6, 'stop', '2025-07-04 14:15:41'),
(146, 37, 7, 'start', '2025-07-04 14:15:44'),
(147, 47, 9, 'stop', '2025-07-04 14:28:51'),
(148, 47, 10, 'start', '2025-07-04 14:30:04');

-- --------------------------------------------------------

--
-- Table structure for table `process_steps`
--

CREATE TABLE `process_steps` (
  `id` int(11) NOT NULL,
  `job_code` varchar(20) NOT NULL,
  `job_name` varchar(100) NOT NULL,
  `date_recorded` date NOT NULL,
  `worker_count` int(11) DEFAULT NULL,
  `process_number` int(11) NOT NULL,
  `process_description` varchar(200) NOT NULL
) ENGINE=InnoDB DEFAULT CHARSET=utf8 COLLATE=utf8_general_ci;

--
-- Dumping data for table `process_steps`
--

INSERT INTO `process_steps` (`id`, `job_code`, `job_name`, `date_recorded`, `worker_count`, `process_number`, `process_description`) VALUES
(3, '119117', 'Frozen Kimchi 1Kg.', '2025-06-25', 1, 1, 'เตรียมอุปกรณ์และวัตถุดิบ'),
(4, '119117', 'Frozen Kimchi 1Kg.', '2025-06-25', 1, 2, 'คุกเครื่องผักแป้งผสม'),
(5, '119117', 'Frozen Kimchi 1Kg.', '2025-06-25', 1, 3, 'แพ็คเเละซีล'),
(6, '119117', 'Frozen Kimchi 1Kg.', '2025-06-25', 1, 4, 'ล้างอุปกรณ์และพื้นที่'),
(57, '235008', 'ถั่วลิสงทอด', '2025-06-25', 0, 1, 'เตรียมอุปกรณ์และวัตถุดิบ'),
(58, '235008', 'ถั่วลิสงทอด', '2025-06-25', 0, 2, 'ทอดถั่ว'),
(59, '235008', 'ถั่วลิสงทอด', '2025-06-25', 0, 3, 'พักเย็น'),
(60, '235008', 'ถั่วลิสงทอด', '2025-06-25', 0, 4, 'แพ็คใส่ถุงเเละซีล'),
(61, '235008', 'ถั่วลิสงทอด', '2025-06-25', 0, 5, 'ล้างอุปกรณ์และพื้นที่'),
(75, '235273', 'ปลาดุกฟูพร้อมทอด', '2025-06-25', 2, 1, 'เตรียมอุปกรณ์และวัตถุดิบ'),
(76, '235273', 'ปลาดุกฟูพร้อมทอด', '2025-06-25', 2, 2, 'ตี'),
(77, '235273', 'ปลาดุกฟูพร้อมทอด', '2025-06-25', 2, 3, 'แพ็ค'),
(78, '235273', 'ปลาดุกฟูพร้อมทอด', '2025-06-25', 2, 4, 'ล้างอุปกรณ์เเละพื้นที่'),
(79, '135015', 'ซุปหม่าล่าชาบู 80 กรัม(1*10)', '2025-06-25', 0, 1, 'เตรียมอุปกรณ์และวัตถุดิบ'),
(80, '135015', 'ซุปหม่าล่าชาบู 80 กรัม(1*10)', '2025-06-25', 0, 2, 'แพ็ค'),
(81, '135015', 'ซุปหม่าล่าชาบู 80 กรัม(1*10)', '2025-06-25', 0, 3, 'เคี่ยวเครื่องปรุงผสมเข้ากัน'),
(82, '135015', 'ซุปหม่าล่าชาบู 80 กรัม(1*10)', '2025-06-25', 0, 4, 'ล้างอุปกรณ์และพื้นที่'),
(87, '235155', 'น้ำจิ้มโคชูจัง(Meating)', '2025-06-26', 1, 1, 'เตรียมอุปกรณ์และวัตถุดิบ'),
(88, '235155', 'น้ำจิ้มโคชูจัง(Meating)', '2025-06-26', 1, 2, 'คลุกผสมเครื่องปรุง'),
(89, '235155', 'น้ำจิ้มโคชูจัง(Meating)', '2025-06-26', 1, 3, 'แพ็คเเละซีล'),
(90, '235155', 'น้ำจิ้มโคชูจัง(Meating)', '2025-06-26', 1, 4, 'ล้างอุปกรณ์และพื้นที่'),
(91, '235216', 'หมูสับต้มบ๊วย', '2025-06-26', 0, 1, 'เตรียมอุปกรณ์และวัตถุดิบ'),
(92, '235216', 'หมูสับต้มบ๊วย', '2025-06-26', 0, 2, 'ต้มน้ำซุป'),
(93, '235216', 'หมูสับต้มบ๊วย', '2025-06-26', 0, 3, 'ลวกหมู'),
(94, '235216', 'หมูสับต้มบ๊วย', '2025-06-26', 0, 4, 'ใส่หมูบดเเละเครื่องปรุง'),
(95, '235216', 'หมูสับต้มบ๊วย', '2025-06-26', 0, 5, 'แพ็ค'),
(96, '235216', 'หมูสับต้มบ๊วย', '2025-06-26', 0, 6, 'ล้างอุปกรณ์และพื้นที่'),
(102, '230001', 'กุ้งบิดน้ำ (กุ้งหัก+มันแข็ง)', '2025-06-27', 1, 1, 'เตรียมอุปกรณ์และวัตถุดิบ | ပစ္စည်းများကို ပြင်ဆင်ပြီး၊ ပုဇွန်ကို ငွေ့ဖျန်းပါ။'),
(103, '230001', 'กุ้งบิดน้ำ (กุ้งหัก+มันแข็ง)', '2025-06-27', 1, 2, 'กุ้งบิดน้ำ(ล้าง + บิดน้ำ) | ပုဇွန်ကို ဆေးကြောပြီး ရေနုတ်ထုတ်ပါ။'),
(104, '230001', 'กุ้งบิดน้ำ (กุ้งหัก+มันแข็ง)', '2025-06-27', 1, 3, 'หั่นมันแข็ง | အဆီခဲကို ဖြတ်တောက်ပါ။'),
(105, '230001', 'กุ้งบิดน้ำ (กุ้งหัก+มันแข็ง)', '2025-06-27', 1, 4, 'แช่เย็น | အေးခန်းထဲသို့ ထည့်ပါ။'),
(106, '230001', 'กุ้งบิดน้ำ (กุ้งหัก+มันแข็ง)', '2025-06-27', 1, 5, 'ล้างอุปกรณ์และพื้นที่ | သန့်ရှင်းရေးလုပ်ခြင်း'),
(107, '240031', 'กุ้งทอดมัน', '2025-06-27', 1, 1, 'เตรียมอุปกรณ์และวัตถุดิบ | ပစ္စည်းများကို ပြင်ဆင်ပြီး၊ ပုဇွန်ကို ငွေ့ဖျန်းပါ။'),
(108, '240031', 'กุ้งทอดมัน', '2025-06-27', 1, 2, 'ผสมวัตถุดิบ | ပါဝင်ပစ္စည်းများကိုရောမွှေပါ။'),
(109, '240031', 'กุ้งทอดมัน', '2025-06-27', 1, 3, 'แพ็คใส่ถุง | အိတ်တစ်ခုထဲထည့်ပါ။'),
(110, '240031', 'กุ้งทอดมัน', '2025-06-27', 1, 4, 'ล้างอุปกรณ์และพื้นที่ | သန့်ရှင်းရေးလုပ်ခြင်း'),
(111, '135012', 'น้ำแกงส้ม', '2025-06-27', 0, 1, 'เตรียมอุปกรณ์และวัตถุดิบ'),
(112, '135012', 'น้ำแกงส้ม', '2025-06-27', 0, 2, 'ต้มน้ำ (20 นาที)'),
(113, '135012', 'น้ำแกงส้ม', '2025-06-27', 0, 3, 'ต้ม เคี่ยว ตักฟอง (60 นาที) และปิดเตา'),
(114, '135012', 'น้ำแกงส้ม', '2025-06-27', 0, 4, 'พักให้เย็น'),
(115, '135012', 'น้ำแกงส้ม', '2025-06-27', 0, 5, 'แพ็ค 450 กรัม'),
(116, '135012', 'น้ำแกงส้ม', '2025-06-27', 0, 6, 'เก็บล้างอุปกรณ์และพื้นที่'),
(117, '235126', 'ซอสข้าวผัด BNL', '2025-06-27', 1, 1, 'เตรียมอุปกรณ์และวัตถุดิบ'),
(118, '235126', 'ซอสข้าวผัด BNL', '2025-06-27', 1, 2, 'ผสมเครื่องปรุง'),
(119, '235126', 'ซอสข้าวผัด BNL', '2025-06-27', 1, 3, 'แพ็คใส่ถุง'),
(120, '235126', 'ซอสข้าวผัด BNL', '2025-06-27', 1, 4, 'พักเย็น'),
(121, '235126', 'ซอสข้าวผัด BNL', '2025-06-27', 1, 5, 'เก็บล้างอุปกรณ์และพื้นที่'),
(122, '235222', 'ซี่โครงตุ๋น 170 กรัม (1แพ็ค /1จาน )', '2025-06-27', 1, 1, 'เตรียมอุปกรณ์และวัตถุดิบ'),
(123, '235222', 'ซี่โครงตุ๋น 170 กรัม (1แพ็ค /1จาน )', '2025-06-27', 1, 2, 'ชั่งน้ำ ใส่เครื่องปรุง ใส่ซี่โครง รอบที่่ 1'),
(124, '235222', 'ซี่โครงตุ๋น 170 กรัม (1แพ็ค /1จาน )', '2025-06-27', 1, 3, 'ตุ๋น 30 นาที, ล้างหม้อ, แพ็ค รอบที่ 1'),
(125, '235222', 'ซี่โครงตุ๋น 170 กรัม (1แพ็ค /1จาน )', '2025-06-27', 1, 4, 'ชั่งน้ำ ใส่เครื่องปรุง ใส่ซี่โครง รอบที่ 2'),
(126, '235222', 'ซี่โครงตุ๋น 170 กรัม (1แพ็ค /1จาน )', '2025-06-27', 1, 5, 'ตุ๋น 30 นาที, ล้างหม้อ, แพ็ค รอบที่ 2'),
(127, '235222', 'ซี่โครงตุ๋น 170 กรัม (1แพ็ค /1จาน )', '2025-06-27', 1, 6, 'ชั่งน้ำ ใส่เครื่องปรุง ใส่ซี่โครง รอบที่ 3'),
(128, '235222', 'ซี่โครงตุ๋น 170 กรัม (1แพ็ค /1จาน )', '2025-06-27', 1, 7, 'ตุ๋น 30 นาที, ล้างหม้อ, แพ็ค รอบที่ 3'),
(129, '235222', 'ซี่โครงตุ๋น 170 กรัม (1แพ็ค /1จาน )', '2025-06-27', 1, 8, 'ชั่งน้ำ ใส่เครื่องปรุง ใส่ซี่โครง รอบที่ 4'),
(130, '235222', 'ซี่โครงตุ๋น 170 กรัม (1แพ็ค /1จาน )', '2025-06-27', 1, 9, 'ตุ๋น 30 นาที, ล้างหม้อ, แพ็ค รอบที่ 4'),
(131, '235222', 'ซี่โครงตุ๋น 170 กรัม (1แพ็ค /1จาน )', '2025-06-27', 1, 10, 'ชั่งน้ำ ใส่เครื่องปรุง ใส่ซี่โครง รอบที่ 5'),
(132, '235222', 'ซี่โครงตุ๋น 170 กรัม (1แพ็ค /1จาน )', '2025-06-27', 1, 11, 'ตุ๋น 30 นาที, ล้างหม้อ, แพ็ค รอบที่ 5'),
(133, '235222', 'ซี่โครงตุ๋น 170 กรัม (1แพ็ค /1จาน )', '2025-06-27', 1, 12, 'เก็บล้างอุปกรณ์และพื้นที่'),
(134, '235244', 'หน้าแยม บลูเบอร์รี่', '2025-06-27', 1, 1, 'เตรียมอุปกรณ์และวัตถุดิบ'),
(135, '235244', 'หน้าแยม บลูเบอร์รี่', '2025-06-27', 1, 2, 'หน้าแยม บลูเบอร์รี่'),
(136, '235244', 'หน้าแยม บลูเบอร์รี่', '2025-06-27', 1, 3, 'พักเย็น'),
(137, '235244', 'หน้าแยม บลูเบอร์รี่', '2025-06-27', 1, 4, 'แพ็ค'),
(138, '235244', 'หน้าแยม บลูเบอร์รี่', '2025-06-27', 1, 5, 'ล้างอุปกรณ์และพื้นที่'),
(139, '235206', 'แป้งจุ๋ยก๊วย', '2025-06-27', 2, 1, 'เตรียมอุปกรณ์และวัตถุดิบ'),
(140, '235206', 'แป้งจุ๋ยก๊วย', '2025-06-27', 2, 2, 'หมักแป้ง (4 ชั่วโมง)'),
(141, '235206', 'แป้งจุ๋ยก๊วย', '2025-06-27', 2, 3, 'เตรียมอุปกรณ์'),
(142, '235206', 'แป้งจุ๋ยก๊วย', '2025-06-27', 2, 4, 'นึ่ง (นึ่งถ้วย หยอดแป้ง)'),
(143, '235206', 'แป้งจุ๋ยก๊วย', '2025-06-27', 2, 5, 'ล้างอุปกรณ์เเละพักเย็น'),
(144, '235246', 'Premixed ชาไทย', '2025-06-27', 1, 1, 'เตรียมอุปกรณ์และวัตถุดิบ'),
(145, '235246', 'Premixed ชาไทย', '2025-06-27', 1, 2, 'ต้มน้ำ แช่ชา'),
(146, '235246', 'Premixed ชาไทย', '2025-06-27', 1, 3, 'บีบน้ำชา ชั่งส่วนผสม แพ็ค'),
(147, '235246', 'Premixed ชาไทย', '2025-06-27', 1, 4, 'ล้างอุปกรณ์และพื้นที่'),
(148, '235084', 'ซอสผัดไทย', '2025-06-27', 1, 1, 'เตรียมอุปกรณ์และวัตถุดิบ'),
(149, '235084', 'ซอสผัดไทย', '2025-06-27', 1, 2, 'เคี่ยวซอส'),
(150, '235084', 'ซอสผัดไทย', '2025-06-27', 1, 3, 'แพ็ค'),
(151, '235084', 'ซอสผัดไทย', '2025-06-27', 1, 4, 'ล้างอุปกรณ์และพื้นที่'),
(152, '235202', 'ไส้จุ๋ยก้วย(Original)', '2025-06-27', 1, 1, 'เตรียมอุปกรณ์และวัตถุดิบ'),
(153, '235202', 'ไส้จุ๋ยก้วย(Original)', '2025-06-27', 1, 2, 'ต้มเห็ด'),
(154, '235202', 'ไส้จุ๋ยก้วย(Original)', '2025-06-27', 1, 3, 'สับกระเทียมเเละเห็ด'),
(155, '235202', 'ไส้จุ๋ยก้วย(Original)', '2025-06-27', 1, 4, 'ผสมซอสเเละผัด'),
(156, '235202', 'ไส้จุ๋ยก้วย(Original)', '2025-06-27', 1, 5, 'ล้างอุปกรณ์เเละพักเย็น'),
(157, '235202', 'ไส้จุ๋ยก้วย(Original)', '2025-06-27', 1, 6, 'แพ็ค'),
(158, '235202', 'ไส้จุ๋ยก้วย(Original)', '2025-06-27', 1, 7, 'ล้างอุปกรณ์และพื้นที่'),
(159, '135029', 'แป้งผสม-ทะเลทอด 80 กรัม/แพ็ค (1*5แพ็ค)', '2025-06-27', 1, 1, 'เตรียมอุปกรณ์และวัตถุดิบ'),
(160, '135029', 'แป้งผสม-ทะเลทอด 80 กรัม/แพ็ค (1*5แพ็ค)', '2025-06-27', 1, 2, 'ผสม'),
(161, '135029', 'แป้งผสม-ทะเลทอด 80 กรัม/แพ็ค (1*5แพ็ค)', '2025-06-27', 1, 3, 'แพ็ค'),
(162, '135029', 'แป้งผสม-ทะเลทอด 80 กรัม/แพ็ค (1*5แพ็ค)', '2025-06-27', 1, 4, 'ล้างอุปกรณ์และพื้นที่'),
(163, '235272', 'หมูหวาน 50 กรัม ( 1 x 10 )', '2025-06-27', 3, 1, 'เตรียมอุปกรณ์และวัตถุดิบ'),
(164, '235272', 'หมูหวาน 50 กรัม ( 1 x 10 )', '2025-06-27', 3, 2, 'เตรียมวัตถุดิบ'),
(165, '235272', 'หมูหวาน 50 กรัม ( 1 x 10 )', '2025-06-27', 3, 3, 'ผัด และใส่เครื่องปรุง'),
(166, '235272', 'หมูหวาน 50 กรัม ( 1 x 10 )', '2025-06-27', 3, 4, 'เคี่ยว และพับถุง'),
(167, '235272', 'หมูหวาน 50 กรัม ( 1 x 10 )', '2025-06-27', 3, 5, 'แพ็ค'),
(168, '235272', 'หมูหวาน 50 กรัม ( 1 x 10 )', '2025-06-27', 3, 6, 'ทำความสะอาด'),
(169, '235272', 'หมูหวาน 50 กรัม ( 1 x 10 )', '2025-06-27', 3, 7, 'ล้างอุปกรณ์และพื้นที่'),
(170, '335001', 'น้ำมะนาว', '2025-06-27', 2, 1, 'เตรียมอุปกรณ์และวัตถุดิบ'),
(171, '335001', 'น้ำมะนาว', '2025-06-27', 2, 2, 'ทำความสะอาดมะนาว'),
(172, '335001', 'น้ำมะนาว', '2025-06-27', 2, 3, 'คั้นน้ำ'),
(173, '335001', 'น้ำมะนาว', '2025-06-27', 2, 4, 'แพ็ค'),
(174, '335001', 'น้ำมะนาว', '2025-06-27', 2, 5, 'ล้างอุปกรณ์และพื้นที่'),
(175, '230055', 'ผักกาดขาวดองเกลือบีบน้ำ', '2025-06-27', 2, 1, 'เตรียมอุปกรณ์และวัตถุดิบ'),
(176, '230055', 'ผักกาดขาวดองเกลือบีบน้ำ', '2025-06-27', 2, 2, 'หั่นผักกาดขาว'),
(177, '230055', 'ผักกาดขาวดองเกลือบีบน้ำ', '2025-06-27', 2, 3, 'ล้างผัก แช่ผัก'),
(178, '230055', 'ผักกาดขาวดองเกลือบีบน้ำ', '2025-06-27', 2, 4, 'เตรียมเครื่องผัก'),
(179, '230055', 'ผักกาดขาวดองเกลือบีบน้ำ', '2025-06-27', 2, 5, 'บิดน้ำ'),
(180, '230055', 'ผักกาดขาวดองเกลือบีบน้ำ', '2025-06-27', 2, 6, 'ล้างอุปกรณ์และพื้นที่'),
(181, '235217', 'ปอเปี๊ยะข้าวเหนียวมูน (แช่แข็ง) (1*10 เส้น)', '2025-06-27', 1, 1, 'เตรียมอุปกรณ์และวัตถุดิบ'),
(182, '235217', 'ปอเปี๊ยะข้าวเหนียวมูน (แช่แข็ง) (1*10 เส้น)', '2025-06-27', 1, 2, 'ห่อ'),
(183, '235217', 'ปอเปี๊ยะข้าวเหนียวมูน (แช่แข็ง) (1*10 เส้น)', '2025-06-27', 1, 3, 'แพ็ค'),
(184, '235217', 'ปอเปี๊ยะข้าวเหนียวมูน (แช่แข็ง) (1*10 เส้น)', '2025-06-27', 1, 4, 'ล้างอุปกรณ์และพื้นที่'),
(185, '235007', 'ถั่วลิสงคั่ว/อบ', '2025-06-27', 1, 1, 'เตรียมอุปกรณ์และวัตถุดิบ'),
(186, '235007', 'ถั่วลิสงคั่ว/อบ', '2025-06-27', 1, 2, 'อบเเละคนถั่ว | သီးနံကို ချောင်းခြင်းနှင့် မာဖတ်ခြင်း\"'),
(187, '235007', 'ถั่วลิสงคั่ว/อบ', '2025-06-27', 1, 3, 'ตักถั่วใส่ถาด | သီးနံကို ပန်းကန်ထဲထည့်ခြင်း\"'),
(188, '235007', 'ถั่วลิสงคั่ว/อบ', '2025-06-27', 1, 4, 'รอพักให้เย็น | အေးအောင်စောင့်ဆိုင်းခြင်း\"'),
(189, '235007', 'ถั่วลิสงคั่ว/อบ', '2025-06-27', 1, 5, 'ขัดถั่ว |သီးနံကို သန့်စင်ဖျက်ခြင်း\"'),
(190, '235007', 'ถั่วลิสงคั่ว/อบ', '2025-06-27', 1, 6, 'แพ็คใส่ถุง | အိတ်တစ်ခုထဲထည့်ပါ။\"'),
(191, '235007', 'ถั่วลิสงคั่ว/อบ', '2025-06-27', 1, 7, 'เก็บล้างอุปกรณ์และพื้นที่ | ပစ္စည်းများကို ဆေးကြောခြင်း\"'),
(192, '208010R', 'ข้าวเหนียวมูน (ของหวาน) (Repack)', '2025-06-27', 1, 1, 'เตรียมอุปกรณ์และวัตถุดิบ | ပစ္စည်းများကို ပြင်ဆင်ပြီး၊ ပုဇွန်ကို ငွေ့ဖျန်းပါ။'),
(193, '208010R', 'ข้าวเหนียวมูน (ของหวาน) (Repack)', '2025-06-27', 1, 2, 'แพ็คใส่ถุง | အိတ်တစ်ခုထဲထည့်ပါ။'),
(194, '208010R', 'ข้าวเหนียวมูน (ของหวาน) (Repack)', '2025-06-27', 1, 3, 'ล้างอุปกรณ์และพื้นที่ | သန့်ရှင်းရေးလုပ်ခြင်း'),
(195, '235126R', 'ซอสข้าวผัด BNL (Repack)', '2025-06-27', 0, 1, 'เตรียมอุปกรณ์และวัตถุดิบ | ပစ္စည်းများကို ပြင်ဆင်ပြီး၊ ပုဇွန်ကို ငွေ့ဖျန်းပါ။'),
(196, '235126R', 'ซอสข้าวผัด BNL (Repack)', '2025-06-27', 0, 2, 'แพ็คใส่ถุง အိတ်တစ်ခုထဲထည့်ပါ။'),
(197, '235126R', 'ซอสข้าวผัด BNL (Repack)', '2025-06-27', 0, 3, 'ล้างอุปกรณ์และพื้นที่ | သန့်ရှင်းရေးလုပ်ခြင်း'),
(198, '304011R', 'ปลากระพง 640 - 700 กรัม (ตัว) (Repack)', '2025-06-27', 1, 1, 'เตรียมอุปกรณ์และวัตถุดิบ | ပစ္စည်းများကို ပြင်ဆင်ပြီး၊ ပုဇွန်ကို ငွေ့ဖျန်းပါ။'),
(199, '304011R', 'ปลากระพง 640 - 700 กรัม (ตัว) (Repack)', '2025-06-27', 1, 2, 'แพ็คใส่ถุง | အိတ်တစ်ခုထဲထည့်ပါ။'),
(200, '304011R', 'ปลากระพง 640 - 700 กรัม (ตัว) (Repack)', '2025-06-27', 1, 3, 'ล้างอุปกรณ์และพื้นที่ | သန့်ရှင်းရေးလုပ်ခြင်း'),
(201, '235274', 'ซอสผัดไข่เค็ม 145 กรัม ( 1 x 5 )', '2025-06-27', 2, 1, 'เตรียมอุปกรณ์และวัตถุดิบ'),
(202, '235274', 'ซอสผัดไข่เค็ม 145 กรัม ( 1 x 5 )', '2025-06-27', 2, 2, 'ผสม'),
(203, '235274', 'ซอสผัดไข่เค็ม 145 กรัม ( 1 x 5 )', '2025-06-27', 2, 3, 'บรรจุ  แพ็ค'),
(204, '235274', 'ซอสผัดไข่เค็ม 145 กรัม ( 1 x 5 )', '2025-06-27', 2, 4, 'ล้างอุปกรณ์และพื้นที่'),
(205, '305024R', 'ปลาหมึกแดดเดียว (Repack)', '2025-06-27', 1, 1, 'เตรียมอุปกรณ์และวัตถุดิบ | ပစ္စည်းများကို ပြင်ဆင်ပြီး၊ ပုဇွန်ကို ငွေ့ဖျန်းပါ။'),
(206, '305024R', 'ปลาหมึกแดดเดียว (Repack)', '2025-06-27', 1, 2, 'แพ็คใส่ถุง | အိတ်တစ်ခုထဲထည့်ပါ။'),
(207, '305024R', 'ปลาหมึกแดดเดียว (Repack)', '2025-06-27', 1, 3, 'ล้างอุปกรณ์และพื้นที่ | သန့်ရှင်းရေးလုပ်ခြင်း'),
(208, '235001', 'กุ้งทรงเครื่อง', '2025-06-27', 1, 1, 'เตรียมอุปกรณ์และวัตถุดิบ'),
(209, '235001', 'กุ้งทรงเครื่อง', '2025-06-27', 1, 2, 'หั่นมันแข็ง + ผสม'),
(210, '235001', 'กุ้งทรงเครื่อง', '2025-06-27', 1, 3, 'แพ็ค'),
(211, '235001', 'กุ้งทรงเครื่อง', '2025-06-27', 1, 4, 'ล้างอุปกรณ์และพื้นที่'),
(212, '230047', 'กุ้งบิดน้ำ (กุ้งล้วน)', '2025-06-27', 1, 1, 'เตรียมอุปกรณ์และวัตถุดิบ'),
(213, '230047', 'กุ้งบิดน้ำ (กุ้งล้วน)', '2025-06-27', 1, 2, 'กุ้งบิดน้ำ (ล้าง + บิดน้ำ) | ပုစွန်ရေနုတ်ခြင်း (ဆေးခြင်း + ရေနုတ်ခြင်း)\"'),
(214, '230047', 'กุ้งบิดน้ำ (กุ้งล้วน)', '2025-06-27', 1, 3, 'แพ็ค (แช่เย็น) | ထုပ်ပိုးခြင်း (အေးချပ်ခြင်း)\"'),
(215, '230047', 'กุ้งบิดน้ำ (กุ้งล้วน)', '2025-06-27', 1, 4, 'ล้างอุปกรณ์และพื้นที่ | သန့်ရှင်းရေးလုပ်ခြင်း\"'),
(216, '105003R', 'คอหมึกยักษ์ (Repack)', '2025-06-27', 1, 1, 'เตรียมอุปกรณ์และวัตถุดิบ'),
(217, '105003R', 'คอหมึกยักษ์ (Repack)', '2025-06-27', 1, 2, 'ล้าง หั่น'),
(218, '105003R', 'คอหมึกยักษ์ (Repack)', '2025-06-27', 1, 3, 'แพ็ค'),
(219, '105003R', 'คอหมึกยักษ์ (Repack)', '2025-06-27', 1, 4, 'ล้างอุปกรณ์และพื้นที่'),
(220, '335005R', 'ปลาแซลมอนสไลด์ (Repack)', '2025-06-27', 1, 1, 'เตรียมอุปกรณ์และวัตถุดิบ'),
(221, '335005R', 'ปลาแซลมอนสไลด์ (Repack)', '2025-06-27', 1, 2, 'หั่น สไลด์'),
(222, '335005R', 'ปลาแซลมอนสไลด์ (Repack)', '2025-06-27', 1, 3, 'แพ็ค'),
(223, '335005R', 'ปลาแซลมอนสไลด์ (Repack)', '2025-06-27', 1, 4, 'ล้างอุปกรณ์และพื้นที่'),
(224, '235016', 'น้ำพริกลงเรือ', '2025-06-27', 1, 1, 'เตรียมอุปกรณ์และวัตถุดิบ'),
(225, '235016', 'น้ำพริกลงเรือ', '2025-06-27', 1, 2, 'หั่นหมูสามชั้น'),
(226, '235016', 'น้ำพริกลงเรือ', '2025-06-27', 1, 3, 'ทอดหมูสามชั้น'),
(227, '235016', 'น้ำพริกลงเรือ', '2025-06-27', 1, 4, 'ทอดปลาดุกฟู'),
(228, '235016', 'น้ำพริกลงเรือ', '2025-06-27', 1, 5, 'ผัดกะปิ + เครื่อง'),
(229, '235016', 'น้ำพริกลงเรือ', '2025-06-27', 1, 6, 'แพ็ค'),
(230, '235016', 'น้ำพริกลงเรือ', '2025-06-27', 1, 7, 'ล้างอุปกรณ์และพื้นที่'),
(231, '105002R', 'กุ้ง 120 ตัว/กก. (Repack)', '2025-06-27', 1, 1, 'เตรียมอุปกรณ์และวัตถุดิบ'),
(232, '105002R', 'กุ้ง 120 ตัว/กก. (Repack)', '2025-06-27', 1, 2, 'ตัดหนวดกุ้ง'),
(233, '105002R', 'กุ้ง 120 ตัว/กก. (Repack)', '2025-06-27', 1, 3, 'แพ็ค'),
(234, '105002R', 'กุ้ง 120 ตัว/กก. (Repack)', '2025-06-27', 1, 4, 'ล้างอุปกรณ์และพื้นที่'),
(235, '105001R', 'กุ้ง 36-40 ตัว/กก. (Repack)', '2025-06-27', 1, 1, 'เตรียมอุปกรณ์และวัตถุดิบ'),
(236, '105001R', 'กุ้ง 36-40 ตัว/กก. (Repack)', '2025-06-27', 1, 2, 'เอาเส้นดำออก'),
(237, '105001R', 'กุ้ง 36-40 ตัว/กก. (Repack)', '2025-06-27', 1, 3, 'ล้าง แช่น้ำเย็น'),
(238, '105001R', 'กุ้ง 36-40 ตัว/กก. (Repack)', '2025-06-27', 1, 4, 'แพ็ค ซีล'),
(239, '105001R', 'กุ้ง 36-40 ตัว/กก. (Repack)', '2025-06-27', 1, 5, 'ล้างอุปกรณ์และพื้นที่'),
(240, '235073', 'น้ำจิ้มสุกี้', '2025-06-27', 1, 1, 'เตรียมอุปกรณ์และวัตถุดิบ'),
(241, '235073', 'น้ำจิ้มสุกี้', '2025-06-27', 1, 2, 'ล้างผักหั่นกระเทียม'),
(242, '235073', 'น้ำจิ้มสุกี้', '2025-06-27', 1, 3, 'ปั่นเครื่องพริกรากผักชี'),
(243, '235073', 'น้ำจิ้มสุกี้', '2025-06-27', 1, 4, 'แพ็ค'),
(244, '235073', 'น้ำจิ้มสุกี้', '2025-06-27', 1, 5, 'ล้างอุปกรณ์และพื้นที่'),
(245, '305025R', 'ปลาหมึกกล้วยไข่ (Repack)', '2025-06-27', 1, 1, 'เตรียมอุปกรณ์และวัตถุดิบ | ပစ္စည်းများကို ပြင်ဆင်ပြီး၊ ပုဇွန်ကို ငွေ့ဖျန်းပါ။'),
(246, '305025R', 'ปลาหมึกกล้วยไข่ (Repack)', '2025-06-27', 1, 2, 'แพ็คใส่ถุง | အိတ်တစ်ခုထဲထည့်ပါ။'),
(247, '305025R', 'ปลาหมึกกล้วยไข่ (Repack)', '2025-06-27', 1, 3, 'ล้างอุปกรณ์และพื้นที่ | သန့်ရှင်းရေးလုပ်ခြင်း'),
(248, '305018R', 'เนื้อปูก้อนใหญ่ (พิเศษ)', '2025-06-27', 0, 1, 'เตรียมอุปกรณ์และวัตถุดิบ'),
(249, '305018R', 'เนื้อปูก้อนใหญ่ (พิเศษ)', '2025-06-27', 0, 2, 'คัด แพ็คเนื้อปู'),
(250, '305018R', 'เนื้อปูก้อนใหญ่ (พิเศษ)', '2025-06-27', 0, 3, 'แวคคั่ม บรรจุ'),
(251, '305018R', 'เนื้อปูก้อนใหญ่ (พิเศษ)', '2025-06-27', 0, 4, 'ล้างอุปกรณ์และพื้นที่'),
(252, '119109P', 'Oyakodon (บรรจุ)', '2025-06-27', 0, 1, 'เตรียมอุปกรณ์และวัตถุดิบ'),
(253, '119109P', 'Oyakodon (บรรจุ)', '2025-06-27', 0, 2, 'บรรจุถุงละ 20 แพ็ค+ลังละ 4 ถุง'),
(254, '119109P', 'Oyakodon (บรรจุ)', '2025-06-27', 0, 3, 'ล้างอุปกรณ์และพื้นที่'),
(255, '235026', 'ลูกรอก', '2025-06-27', 2, 1, 'เตรียมอุปกรณ์และวัตถุดิบ'),
(256, '235026', 'ลูกรอก', '2025-06-27', 2, 2, 'คัด / มัด / ไล่น้ำ(ไส้อ่อน) / ขึ้นรูปลูกรอก(กรอกไข่ขาวลงในไส้อ่อน) | ရွေးချယ်ခြင်း / ချည်မြီခြင်း / ရေနစ်ချခြင်း (အသည်းပိုင်း) / ပုံသဏ္ဌာန်ဖော်ခြင်း (ကြက်ဥအဖြူကိုအသည်းပိုင်းထဲသွင်းခြင်း)\"'),
(257, '235026', 'ลูกรอก', '2025-06-27', 2, 3, 'ชั่งน้ำ 10 กก.  ตัมรอ | ရေ ၁၀ ကီလိုဂရမ် တိုင်းတာပြီး ရေနွေးတင်ထားခြင်း\"'),
(258, '235026', 'ลูกรอก', '2025-06-27', 2, 4, 'ต้มให้สุก | အောင်အောင် ပြုတ်ခြင်း\"'),
(259, '235026', 'ลูกรอก', '2025-06-27', 2, 5, 'ผึ่งให้เย็น     | အေးအောင် ချမင့်ခြင်း\"'),
(260, '235026', 'ลูกรอก', '2025-06-27', 2, 6, 'แพ็คใส่ถุง | အိတ်တစ်ခုထဲထည့်ပါ။\"'),
(261, '235026', 'ลูกรอก', '2025-06-27', 2, 7, 'ล้างอุปกรณ์และพื้นที่ | ပစ္စည်းများ ဆေးကြောသန့်ရှင်းရေးလုပ်ခြင်း\"'),
(262, '235036', 'BNL พริกขิง', '2025-06-27', 1, 1, 'เตรียมอุปกรณ์และวัตถุดิบ'),
(263, '235036', 'BNL พริกขิง', '2025-06-27', 1, 2, 'เตรียมพริกแกง'),
(264, '235036', 'BNL พริกขิง', '2025-06-27', 1, 3, 'ผัด'),
(265, '235036', 'BNL พริกขิง', '2025-06-27', 1, 4, 'แพ็ค'),
(266, '235036', 'BNL พริกขิง', '2025-06-27', 1, 5, 'ล้างอุปกรณ์และพื้นที่'),
(267, '305010', 'ปลาหมึกกล้วย 4-5 ตัว - ชาบู', '2025-06-27', 0, 1, 'เตรียมอุปกรณ์และวัตถุดิบ'),
(268, '305010', 'ปลาหมึกกล้วย 4-5 ตัว - ชาบู', '2025-06-27', 0, 2, 'แพ็ค'),
(269, '305010', 'ปลาหมึกกล้วย 4-5 ตัว - ชาบู', '2025-06-27', 0, 3, 'ล้างอุปกรณ์และพื้นที่'),
(270, '230057', 'ปลาดุกนึ่งแกะ 30 กก', '2025-06-27', 0, 1, 'เตรียมอุปกรณ์และวัตถุดิบ'),
(271, '230057', 'ปลาดุกนึ่งแกะ 30 กก', '2025-06-27', 0, 2, 'ล้างปลา'),
(272, '230057', 'ปลาดุกนึ่งแกะ 30 กก', '2025-06-27', 0, 3, 'นึ่งปลา'),
(273, '230057', 'ปลาดุกนึ่งแกะ 30 กก', '2025-06-27', 0, 4, 'แกะปลา'),
(274, '230057', 'ปลาดุกนึ่งแกะ 30 กก', '2025-06-27', 0, 5, 'ล้างอุปกรณ์และพื้นที่'),
(275, '235266R', 'น้ำพริกกะปิ สูตร 2 (Repack)', '2025-06-27', 0, 1, 'เตรียมอุปกรณ์และวัตถุดิบ | ပစ္စည်းများကို ပြင်ဆင်ပြီး၊ ပုဇွန်ကို ငွေ့ဖျန်းပါ။'),
(276, '235266R', 'น้ำพริกกะปิ สูตร 2 (Repack)', '2025-06-27', 0, 2, 'แพ็คใส่ถุง | အိတ်တစ်ခုထဲထည့်ပါ။'),
(277, '235266R', 'น้ำพริกกะปิ สูตร 2 (Repack)', '2025-06-27', 0, 3, 'ล้างอุปกรณ์และพื้นที่ | သန့်ရှင်းရေးလုပ်ခြင်း'),
(278, '135011', 'หมูแดดเดียว 85 กรัม', '2025-06-27', 2, 1, 'เตรียมอุปกรณ์และวัตถุดิบ'),
(279, '135011', 'หมูแดดเดียว 85 กรัม', '2025-06-27', 2, 2, 'เริ่มหั่นหมู'),
(280, '135011', 'หมูแดดเดียว 85 กรัม', '2025-06-27', 2, 3, 'เริ่มหมัก (1 ชม.)'),
(281, '135011', 'หมูแดดเดียว 85 กรัม', '2025-06-27', 2, 4, 'เริ่มแพ็ค+ซีล'),
(282, '135011', 'หมูแดดเดียว 85 กรัม', '2025-06-27', 2, 5, 'ล้างอุปกรณ์และพื้นที่'),
(283, '119109C', 'Oyakodon นึ่ง', '2025-06-27', 1, 1, 'เตรียมอุปกรณ์และวัตถุดิบ'),
(284, '119109C', 'Oyakodon นึ่ง', '2025-06-27', 1, 2, 'บรรจุน้ำซุปใส่ถุง ซีล'),
(285, '119109C', 'Oyakodon นึ่ง', '2025-06-27', 1, 3, 'นึ่ง'),
(286, '119109C', 'Oyakodon นึ่ง', '2025-06-27', 1, 4, 'แปะสติ๊กเกอร์'),
(287, '119109C', 'Oyakodon นึ่ง', '2025-06-27', 1, 5, 'ล้างอุปกรณ์เเละพื้นที่'),
(288, '303004R', 'เนื้อชัคโรล (Chuck Roll)', '2025-06-27', 2, 1, 'เตรียมอุปกรณ์และวัตถุดิบ'),
(289, '303004R', 'เนื้อชัคโรล (Chuck Roll)', '2025-06-27', 2, 2, 'เริ่มหั่น'),
(290, '303004R', 'เนื้อชัคโรล (Chuck Roll)', '2025-06-27', 2, 3, 'เริ่มห่อ'),
(291, '303004R', 'เนื้อชัคโรล (Chuck Roll)', '2025-06-27', 2, 4, 'ล้างอุปกรณ์และพื้นที่'),
(292, '235215', 'หลน(เบสหมู) 155 กรัม', '2025-06-27', 1, 1, 'เตรียมอุปกรณ์'),
(293, '235215', 'หลน(เบสหมู) 155 กรัม', '2025-06-27', 1, 2, 'เตรียมวัตถุดิบ'),
(294, '235215', 'หลน(เบสหมู) 155 กรัม', '2025-06-27', 1, 3, 'เคี่ยววัตถุดิบ'),
(295, '235215', 'หลน(เบสหมู) 155 กรัม', '2025-06-27', 1, 4, 'พักเย็น'),
(296, '235215', 'หลน(เบสหมู) 155 กรัม', '2025-06-27', 1, 5, 'แพ็ค'),
(297, '235215', 'หลน(เบสหมู) 155 กรัม', '2025-06-27', 1, 6, 'ล้างอุปกรณ์เเละพื้นที่'),
(298, '304005R', 'ปลาช่อน (Repack)', '2025-06-27', 1, 1, 'เตรียมอุปกรณ์และวัตถุดิบ | ပစ္စည်းများကို ပြင်ဆင်ပြီး၊ ပုဇွန်ကို ငွေ့ဖျန်းပါ။'),
(299, '304005R', 'ปลาช่อน (Repack)', '2025-06-27', 1, 2, 'แพ็คใส่ถุง | အိတ်တစ်ခုထဲထည့်ပါ။'),
(300, '304005R', 'ปลาช่อน (Repack)', '2025-06-27', 1, 3, 'ล้างอุปกรณ์และพื้นที่ | သန့်ရှင်းရေးလုပ်ခြင်း'),
(301, '235141', 'กิมจิ', '2025-06-27', 2, 1, 'เตรียมอุปกรณ์และวัตถุดิบ'),
(302, '235141', 'กิมจิ', '2025-06-27', 2, 2, 'เริ่มหั่นผักกาดขาว'),
(303, '235141', 'กิมจิ', '2025-06-27', 2, 3, 'เริ่มแช่ผัก'),
(304, '235141', 'กิมจิ', '2025-06-27', 2, 4, 'เริ่มหั่นหอม,เเครอท,ขิง,กระเทียม,สาลี'),
(305, '235141', 'กิมจิ', '2025-06-27', 2, 5, 'เริ่มบิดน้ำ'),
(306, '235141', 'กิมจิ', '2025-06-27', 2, 6, 'เริ่มคลุก,หมัก'),
(307, '235141', 'กิมจิ', '2025-06-27', 2, 7, 'เริ่มแพ็ค'),
(308, '235141', 'กิมจิ', '2025-06-27', 2, 8, 'ล้างอุปกรณ์และพื้นที่'),
(309, '304009R', 'เนื้อปลากราย (Repack)', '2025-06-27', 1, 1, 'เตรียมอุปกรณ์และวัตถุดิบ | ပစ္စည်းများကို ပြင်ဆင်ပြီး၊ ပုဇွန်ကို ငွေ့ဖျန်းပါ။'),
(310, '304009R', 'เนื้อปลากราย (Repack)', '2025-06-27', 1, 2, 'แพ็คใส่ถุง | အိတ်တစ်ခုထဲထည့်ပါ။'),
(311, '304009R', 'เนื้อปลากราย (Repack)', '2025-06-27', 1, 3, 'ล้างอุปกรณ์และพื้นที่ | သန့်ရှင်းရေးလုပ်ခြင်း'),
(312, '235191', 'ซอสหมี่กะเฉด', '2025-06-27', 1, 1, 'เตรียมอุปกรณ์และวัตถุดิบ'),
(313, '235191', 'ซอสหมี่กะเฉด', '2025-06-27', 1, 2, 'ผสมเครื่องปรุงเเละคน'),
(314, '235191', 'ซอสหมี่กะเฉด', '2025-06-27', 1, 3, 'แพ็ค'),
(315, '235191', 'ซอสหมี่กะเฉด', '2025-06-27', 1, 4, 'ล้างอุปกรณ์และพื้นที่'),
(316, '235152', 'น้ำจิ้ม Meating house', '2025-06-27', 1, 1, 'เตรียมอุปกรณ์และวัตถุดิบ'),
(317, '235152', 'น้ำจิ้ม Meating house', '2025-06-27', 1, 2, 'คั่วปลาโอเเละเตรียมเครื่องปรุง'),
(318, '235152', 'น้ำจิ้ม Meating house', '2025-06-27', 1, 3, 'ผสมเครื่องปรุง'),
(319, '235152', 'น้ำจิ้ม Meating house', '2025-06-27', 1, 4, 'เคี่ยว'),
(320, '235152', 'น้ำจิ้ม Meating house', '2025-06-27', 1, 5, 'กรอง'),
(321, '235152', 'น้ำจิ้ม Meating house', '2025-06-27', 1, 6, 'พักให้เย็น'),
(322, '235152', 'น้ำจิ้ม Meating house', '2025-06-27', 1, 7, 'แพ็ค'),
(323, '235152', 'น้ำจิ้ม Meating house', '2025-06-27', 1, 8, 'ล้างอุปกรณ์และพื้นที่'),
(327, '235032', 'อกไก่หมัก', '2025-06-27', 2, 1, 'เตรียมอุปกรณ์และวัตถุดิบ'),
(328, '235032', 'อกไก่หมัก', '2025-06-27', 2, 2, 'ทุบอกไก่'),
(329, '235032', 'อกไก่หมัก', '2025-06-27', 2, 3, 'หมักไก่'),
(330, '235032', 'อกไก่หมัก', '2025-06-27', 2, 4, 'แพ็ค'),
(331, '235032', 'อกไก่หมัก', '2025-06-27', 2, 5, 'ล้างอุปกรณ์และพื้นที่'),
(332, '235191R', 'ซอสหมี่กะเฉด', '2025-06-27', 0, 1, 'เตรียมอุปกรณ์และวัตถุดิบ'),
(333, '235191R', 'ซอสหมี่กะเฉด', '2025-06-27', 0, 2, 'แพ็ค'),
(334, '235191R', 'ซอสหมี่กะเฉด', '2025-06-27', 0, 3, 'ล้างอุปกรณ์และพื้นที่'),
(335, '230048', 'Oyakodon soup', '2025-06-27', 1, 1, 'เตรียมอุปกรณ์และวัตถุดิบ'),
(336, '230048', 'Oyakodon soup', '2025-06-27', 1, 2, 'ตวงเเละผสม'),
(337, '230048', 'Oyakodon soup', '2025-06-27', 1, 3, 'ล้างอุปกรณ์และพื้นที่'),
(338, '235052', 'แป้งไก่มะนาว', '2025-06-27', 0, 1, 'เตรียมอุปกรณ์และวัตถุดิบ'),
(339, '235052', 'แป้งไก่มะนาว', '2025-06-27', 0, 2, 'ผสมเเป้ง | မုန့်မှုန့် ရောခြင်း\"'),
(340, '235052', 'แป้งไก่มะนาว', '2025-06-27', 0, 3, 'แพ็คใส่ถุง | အိတ်တစ်ခုထဲထည့်ပါ။\"'),
(341, '235052', 'แป้งไก่มะนาว', '2025-06-27', 0, 4, 'ล้างอุปกรณ์และพื้นที่ | သန့်ရှင်းရေးလုပ်ခြင်း\"'),
(342, '335002R', 'สามชั้น - ชาบู (Repack)', '2025-06-27', 0, 1, 'เตรียมอุปกรณ์และวัตถุดิบ'),
(343, '335002R', 'สามชั้น - ชาบู (Repack)', '2025-06-27', 0, 2, 'หั่นหมู'),
(344, '335002R', 'สามชั้น - ชาบู (Repack)', '2025-06-27', 0, 3, 'แรปหมู'),
(345, '335002R', 'สามชั้น - ชาบู (Repack)', '2025-06-27', 0, 4, 'ใส่ถุงและซีล'),
(346, '335002R', 'สามชั้น - ชาบู (Repack)', '2025-06-27', 0, 5, 'ล้างอุปกรณ์และพื้นที่'),
(347, '235213', 'ลาบหมูนึ่ง', '2025-06-27', 0, 1, 'เตรียมอุปกรณ์และวัตถุดิบ'),
(348, '235213', 'ลาบหมูนึ่ง', '2025-06-27', 0, 2, 'ตีหมูบด + เครื่องปรุง'),
(349, '235213', 'ลาบหมูนึ่ง', '2025-06-27', 0, 3, 'ปั้น + นึ่ง'),
(350, '235213', 'ลาบหมูนึ่ง', '2025-06-27', 0, 4, 'แพ็ค'),
(351, '235213', 'ลาบหมูนึ่ง', '2025-06-27', 0, 5, 'ล้างอุปกรณ์และพื้นที่'),
(352, '235105', 'น้ำพริกต้มยำแห้ง', '2025-06-27', 2, 1, 'เตรียมอุปกรณ์และวัตถุดิบ'),
(353, '235105', 'น้ำพริกต้มยำแห้ง', '2025-06-27', 2, 2, 'หั่นเครื่องผัก'),
(354, '235105', 'น้ำพริกต้มยำแห้ง', '2025-06-27', 2, 3, 'ปั่นผัก'),
(355, '235105', 'น้ำพริกต้มยำแห้ง', '2025-06-27', 2, 4, 'ต้มกุ้ง'),
(356, '235105', 'น้ำพริกต้มยำแห้ง', '2025-06-27', 2, 5, 'สับกุ้ง'),
(357, '235105', 'น้ำพริกต้มยำแห้ง', '2025-06-27', 2, 6, 'ผัดเครื่อง ใส่กุ้ง'),
(358, '235105', 'น้ำพริกต้มยำแห้ง', '2025-06-27', 2, 7, 'พักเย็น'),
(359, '235105', 'น้ำพริกต้มยำแห้ง', '2025-06-27', 2, 8, 'แพ็ค'),
(360, '235105', 'น้ำพริกต้มยำแห้ง', '2025-06-27', 2, 9, 'ล้างอุปกรณ์และพื้นที่'),
(361, '235262', 'ซุปน้ำตกชาบู 137 - 140 กรัม', '2025-06-27', 0, 1, 'เตรียมอุปกรณ์และวัตถุดิบ'),
(362, '235262', 'ซุปน้ำตกชาบู 137 - 140 กรัม', '2025-06-27', 0, 2, 'คลุกเครื่องปรุง'),
(363, '235262', 'ซุปน้ำตกชาบู 137 - 140 กรัม', '2025-06-27', 0, 3, 'แพ็ค'),
(364, '235262', 'ซุปน้ำตกชาบู 137 - 140 กรัม', '2025-06-27', 0, 4, 'ล้างอุปกรณ์และพื้นที่'),
(365, '335007', 'แพ็คกระดูกซุป', '2025-06-27', 0, 1, 'เตรียมอุปกรณ์และวัตถุดิบ'),
(366, '335007', 'แพ็คกระดูกซุป', '2025-06-27', 0, 2, 'แพ็ค'),
(367, '335007', 'แพ็คกระดูกซุป', '2025-06-27', 0, 3, 'ล้างอุปกรณ์และพื้นที่'),
(368, '235062', 'มัสมั่นไก่', '2025-06-27', 0, 1, 'เตรียมอุปกรณ์และวัตถุดิบ (ผัก ทอดไก่ ต้มมันฝรั่ง)'),
(369, '235062', 'มัสมั่นไก่', '2025-06-27', 0, 2, 'เคี่ยวไก่'),
(370, '235062', 'มัสมั่นไก่', '2025-06-27', 0, 3, 'แพ็คไก่'),
(371, '235062', 'มัสมั่นไก่', '2025-06-27', 0, 4, 'เคี่ยวผัก (มันฝรั่ง, เเครอท และอื่นๆ)'),
(372, '235062', 'มัสมั่นไก่', '2025-06-27', 0, 5, 'แพ็คผัก'),
(373, '235062', 'มัสมั่นไก่', '2025-06-27', 0, 6, 'ต้ม ปรุง น้ำมัสมั่น'),
(374, '235062', 'มัสมั่นไก่', '2025-06-27', 0, 7, 'นำน้ำมัสมั่นใส่ถุง แพค'),
(375, '235062', 'มัสมั่นไก่', '2025-06-27', 0, 8, 'ล้างอุปกรณ์และพื้นที่'),
(376, '235275', 'น้ำจิ้มซีฟู้ดของทอด', '2025-06-27', 0, 1, 'เตรียมอุปกรณ์และวัตถุดิบ'),
(377, '235275', 'น้ำจิ้มซีฟู้ดของทอด', '2025-06-27', 0, 2, 'ล้างกระเทียม รากผักชี พริกขี้หนูสวนแดง'),
(378, '235275', 'น้ำจิ้มซีฟู้ดของทอด', '2025-06-27', 0, 3, 'หั่นรากผักชีและกระเทียม'),
(379, '235275', 'น้ำจิ้มซีฟู้ดของทอด', '2025-06-27', 0, 4, 'ปั่นผัก เครื่องปรุง'),
(380, '235275', 'น้ำจิ้มซีฟู้ดของทอด', '2025-06-27', 0, 5, 'ล้างอุปกรณ์และพื้นที่'),
(381, '230004', 'ไส้ไก่จ๋า', '2025-06-27', 0, 1, 'เตรียมอุปกรณ์และวัตถุดิบ'),
(382, '230004', 'ไส้ไก่จ๋า', '2025-06-27', 0, 2, 'ปั่นรากผักชีและผสมเครื่องปรุง'),
(383, '230004', 'ไส้ไก่จ๋า', '2025-06-27', 0, 3, 'หั่นไก่'),
(384, '230004', 'ไส้ไก่จ๋า', '2025-06-27', 0, 4, 'หมักไก่และเครื่องปรุง'),
(385, '230004', 'ไส้ไก่จ๋า', '2025-06-27', 0, 5, 'แพ็ค'),
(386, '230004', 'ไส้ไก่จ๋า', '2025-06-27', 0, 6, 'ล้างอุปกรณ์และพื้นที่'),
(387, '235013', 'น้ำจิ้มเมี่ยงคำ', '2025-06-27', 1, 1, 'เตรียมอุปกรณ์และวัตถุดิบ'),
(388, '235013', 'น้ำจิ้มเมี่ยงคำ', '2025-06-27', 1, 2, 'หั่นข่า ปั่นข่า'),
(389, '235013', 'น้ำจิ้มเมี่ยงคำ', '2025-06-27', 1, 3, 'คั่วข่า'),
(390, '235013', 'น้ำจิ้มเมี่ยงคำ', '2025-06-27', 1, 4, 'คั่วน้ำตาล เครื่องปรุง'),
(391, '235013', 'น้ำจิ้มเมี่ยงคำ', '2025-06-27', 1, 5, 'ใส่ข่า น้ำเปล่า'),
(392, '235013', 'น้ำจิ้มเมี่ยงคำ', '2025-06-27', 1, 6, 'พักเย็น'),
(393, '235013', 'น้ำจิ้มเมี่ยงคำ', '2025-06-27', 1, 7, 'ปั่นถั่ว มะพร้าวคั่ว'),
(394, '235013', 'น้ำจิ้มเมี่ยงคำ', '2025-06-27', 1, 8, 'แพ็ค'),
(395, '235013', 'น้ำจิ้มเมี่ยงคำ', '2025-06-27', 1, 9, 'ล้างอุปกรณ์และพื้นที่'),
(400, '230007', 'กระเทียมย่าง', '2025-06-27', 2, 1, 'เตรียมอุปกรณ์และวัตถุดิบ'),
(401, '230007', 'กระเทียมย่าง', '2025-06-27', 2, 2, 'ย่างกระเทียม'),
(402, '230007', 'กระเทียมย่าง', '2025-06-27', 2, 3, 'บดกระเทียม'),
(403, '230007', 'กระเทียมย่าง', '2025-06-27', 2, 4, 'แพ็ค ซีล'),
(404, '230007', 'กระเทียมย่าง', '2025-06-27', 2, 5, 'ล้างอุปกรณ์และพื้นที่'),
(405, '119109R', 'Oyakodon (คัดไก่)', '2025-06-27', 3, 1, 'เตรียมอุปกรณ์และวัตถุดิบ'),
(406, '119109R', 'Oyakodon (คัดไก่)', '2025-06-27', 3, 2, 'คัดไก่'),
(407, '119109R', 'Oyakodon (คัดไก่)', '2025-06-27', 3, 3, 'แพ็ค เรียงลงกระบะ'),
(408, '119109R', 'Oyakodon (คัดไก่)', '2025-06-27', 3, 4, 'ล้างอุปกรณ์และพื้นที่'),
(409, '235025', 'มะพร้าวคั่ว', '2025-06-27', 0, 1, 'เตรียมอุปกรณ์และวัตถุดิบ'),
(410, '235025', 'มะพร้าวคั่ว', '2025-06-27', 0, 2, 'ขูดมะพร้าว'),
(411, '235025', 'มะพร้าวคั่ว', '2025-06-27', 0, 3, 'หั่นซอยมะพร้าว'),
(412, '235025', 'มะพร้าวคั่ว', '2025-06-27', 0, 4, 'คั่วมะพร้าว'),
(413, '235025', 'มะพร้าวคั่ว', '2025-06-27', 0, 5, 'พักเย็นมะพร้าว'),
(414, '235025', 'มะพร้าวคั่ว', '2025-06-27', 0, 6, 'แพคและซีล'),
(415, '235025', 'มะพร้าวคั่ว', '2025-06-27', 0, 7, 'ล้างอุปกรณ์และพื้นที่'),
(416, '235031', 'หมูสะเต๊ะ', '2025-06-27', 3, 1, 'เตรียมอุปกรณ์และวัตถุดิบ'),
(417, '235031', 'หมูสะเต๊ะ', '2025-06-27', 3, 2, 'ชั่งน้ำหนักหมู เสียบไม้ แพ็ค'),
(418, '235031', 'หมูสะเต๊ะ', '2025-06-27', 3, 3, 'ล้างอุปกรณ์และพื้นที่'),
(419, '230039', 'เนื้อปลาช่อนนึ่ง/แกะ', '2025-06-27', 0, 1, 'เตรียมอุปกรณ์และวัตถุดิบ'),
(420, '230039', 'เนื้อปลาช่อนนึ่ง/แกะ', '2025-06-27', 0, 2, 'ตั้งน้้ำให้เดือด'),
(421, '230039', 'เนื้อปลาช่อนนึ่ง/แกะ', '2025-06-27', 0, 3, 'เตรียมทำปลาช่อน'),
(422, '230039', 'เนื้อปลาช่อนนึ่ง/แกะ', '2025-06-27', 0, 4, 'นึงปลาช่อน'),
(423, '230039', 'เนื้อปลาช่อนนึ่ง/แกะ', '2025-06-27', 0, 5, 'แกะเนื้อเอาก้างออก'),
(424, '230039', 'เนื้อปลาช่อนนึ่ง/แกะ', '2025-06-27', 0, 6, 'แพ็ค'),
(425, '230039', 'เนื้อปลาช่อนนึ่ง/แกะ', '2025-06-27', 0, 7, 'ล้างอุปกรณ์และพื้นที่'),
(426, '235030', 'หมูทรงเครื่อง', '2025-06-27', 0, 1, 'เตรียมอุปกรณ์และวัตถุดิบ'),
(427, '235030', 'หมูทรงเครื่อง', '2025-06-27', 0, 2, 'ตีหมู และเครื่องปรุง'),
(428, '235030', 'หมูทรงเครื่อง', '2025-06-27', 0, 3, 'แพคและซีล'),
(429, '235030', 'หมูทรงเครื่อง', '2025-06-27', 0, 4, 'ล้างอุปกรณ์และพื้นที่'),
(430, '235213-2', 'ลาบหมูนึ่ง 6 ชิ้น(40 กรัม: ชิ้น)', '2025-06-27', 2, 1, 'เตรียมอุปกรณ์และวัตถุดิบ'),
(431, '235213-2', 'ลาบหมูนึ่ง 6 ชิ้น(40 กรัม: ชิ้น)', '2025-06-27', 2, 2, 'หั่นผัก ผสม ล้างอุปกรณ์'),
(432, '235213-2', 'ลาบหมูนึ่ง 6 ชิ้น(40 กรัม: ชิ้น)', '2025-06-27', 2, 3, 'ปั้น นึ่ง'),
(433, '235213-2', 'ลาบหมูนึ่ง 6 ชิ้น(40 กรัม: ชิ้น)', '2025-06-27', 2, 4, 'แพค แวคคั่ม'),
(434, '235213-2', 'ลาบหมูนึ่ง 6 ชิ้น(40 กรัม: ชิ้น)', '2025-06-27', 2, 5, 'ล้างอุปกรณ์และพื้นที่'),
(435, '235051', 'น้ำส้มตำไทย', '2025-06-27', 1, 1, 'เตรียมอุปกรณ์และวัตถุดิบ'),
(436, '235051', 'น้ำส้มตำไทย', '2025-06-27', 1, 2, 'เคี่ยวละลายน้ำตาล'),
(437, '235051', 'น้ำส้มตำไทย', '2025-06-27', 1, 3, 'กรองน้ำเเละใส่น้ำมะนาว'),
(438, '235051', 'น้ำส้มตำไทย', '2025-06-27', 1, 4, 'พักเย็น'),
(439, '235051', 'น้ำส้มตำไทย', '2025-06-27', 1, 5, 'แพ็ค'),
(440, '235051', 'น้ำส้มตำไทย', '2025-06-27', 1, 6, 'ล้างอุปกรณ์และพื้นที่'),
(441, '240003', 'กุนเชียง', '2025-06-27', 1, 1, 'เตรียมอุปกรณ์และวัตถุดิบ'),
(442, '240003', 'กุนเชียง', '2025-06-27', 1, 2, 'หั่น'),
(443, '240003', 'กุนเชียง', '2025-06-27', 1, 3, 'แพ็ค'),
(444, '240003', 'กุนเชียง', '2025-06-27', 1, 4, 'ล้างอุปกรณ์และพื้นที่'),
(445, '235165', 'พริกแกงเขียวหวานเพชรบุรี (เพิ่มเครื่อง)', '2025-06-27', 1, 1, 'เตรียมอุปกรณ์และวัตถุดิบ'),
(446, '235165', 'พริกแกงเขียวหวานเพชรบุรี (เพิ่มเครื่อง)', '2025-06-27', 1, 2, 'เตรียมเครื่องพริกแกง'),
(447, '235165', 'พริกแกงเขียวหวานเพชรบุรี (เพิ่มเครื่อง)', '2025-06-27', 1, 3, 'บดเครื่องพริกแกง'),
(448, '235165', 'พริกแกงเขียวหวานเพชรบุรี (เพิ่มเครื่อง)', '2025-06-27', 1, 4, 'แพ็ค'),
(449, '235165', 'พริกแกงเขียวหวานเพชรบุรี (เพิ่มเครื่อง)', '2025-06-27', 1, 5, 'ล้างอุปกรณ์และพื้นที่'),
(450, '235014', 'น้ำจิ้มหมูสะเต๊ะ', '2025-06-27', 1, 1, 'เตรียมอุปกรณ์และวัตถุดิบ'),
(451, '235014', 'น้ำจิ้มหมูสะเต๊ะ', '2025-06-27', 1, 2, 'ปั่นถั่ว'),
(452, '235014', 'น้ำจิ้มหมูสะเต๊ะ', '2025-06-27', 1, 3, 'เคี่ยวกะทิ และพริกแกง'),
(453, '235014', 'น้ำจิ้มหมูสะเต๊ะ', '2025-06-27', 1, 4, 'ใส่ถั่ว น้ำเปล่า และน้ำมันพริกเผา'),
(454, '235014', 'น้ำจิ้มหมูสะเต๊ะ', '2025-06-27', 1, 5, 'พักให้เย็น'),
(455, '235014', 'น้ำจิ้มหมูสะเต๊ะ', '2025-06-27', 1, 6, 'แพ็คเเละซีล'),
(456, '235014', 'น้ำจิ้มหมูสะเต๊ะ', '2025-06-27', 1, 7, 'ล้างอุปกรณ์และพื้นที่'),
(457, '235153', 'น้ำจิ้มแจ่ว(Meating)', '2025-06-27', 1, 1, 'เตรียมอุปกรณ์และวัตถุดิบ'),
(458, '235153', 'น้ำจิ้มแจ่ว(Meating)', '2025-06-27', 1, 2, 'ต้มน้ำตาล'),
(459, '235153', 'น้ำจิ้มแจ่ว(Meating)', '2025-06-27', 1, 3, 'ปั่นผัก'),
(460, '235153', 'น้ำจิ้มแจ่ว(Meating)', '2025-06-27', 1, 4, 'แพ็ค'),
(461, '235153', 'น้ำจิ้มแจ่ว(Meating)', '2025-06-27', 1, 5, 'ล้างอุปกรณ์และพื้นที่'),
(462, '235127', 'ซอสกะเพรา', '2025-06-27', 2, 1, 'เตรียมอุปกรณ์และวัตถุดิบ'),
(463, '235127', 'ซอสกะเพรา', '2025-06-27', 2, 2, 'ผสมเครื่องปรุง'),
(464, '235127', 'ซอสกะเพรา', '2025-06-27', 2, 3, 'แพ็ค'),
(465, '235127', 'ซอสกะเพรา', '2025-06-27', 2, 4, 'ล้างอุปกรณ์และพื้นที่'),
(466, '235212', 'หมูปั้นก้อนนึ่ง 6 ชิ้น (40 กรัม: ชิ้น)', '2025-06-27', 2, 1, 'เตรียมอุปกรณ์และวัตถุดิบ'),
(467, '235212', 'หมูปั้นก้อนนึ่ง 6 ชิ้น (40 กรัม: ชิ้น)', '2025-06-27', 2, 2, 'ตีและผสมเครื่อง'),
(468, '235212', 'หมูปั้นก้อนนึ่ง 6 ชิ้น (40 กรัม: ชิ้น)', '2025-06-27', 2, 3, 'ปั้น นึ่ง'),
(469, '235212', 'หมูปั้นก้อนนึ่ง 6 ชิ้น (40 กรัม: ชิ้น)', '2025-06-27', 2, 4, 'แพ็ค แวคคั่ม'),
(470, '235212', 'หมูปั้นก้อนนึ่ง 6 ชิ้น (40 กรัม: ชิ้น)', '2025-06-27', 2, 5, 'ล้างอุปกรณ์และพื้นที่'),
(471, '235265', 'พริกแกงส้ม สูตร 2', '2025-06-27', 2, 1, 'เตรียมอุปกรณ์และวัตถุดิบ'),
(472, '235265', 'พริกแกงส้ม สูตร 2', '2025-06-27', 2, 2, 'ตัดแต่งพริก'),
(473, '235265', 'พริกแกงส้ม สูตร 2', '2025-06-27', 2, 3, 'หั่นหอมแดง'),
(474, '235265', 'พริกแกงส้ม สูตร 2', '2025-06-27', 2, 4, 'หั่นกระชาย'),
(475, '235265', 'พริกแกงส้ม สูตร 2', '2025-06-27', 2, 5, 'หั่นพริกชี้ฟ้าแดง'),
(476, '235265', 'พริกแกงส้ม สูตร 2', '2025-06-27', 2, 6, 'แช่พริก'),
(477, '235265', 'พริกแกงส้ม สูตร 2', '2025-06-27', 2, 7, 'เตรียมอุปกรณ์'),
(478, '235265', 'พริกแกงส้ม สูตร 2', '2025-06-27', 2, 8, 'ล้างพริก'),
(479, '235265', 'พริกแกงส้ม สูตร 2', '2025-06-27', 2, 9, 'บดพริกแดง'),
(480, '235265', 'พริกแกงส้ม สูตร 2', '2025-06-27', 2, 10, 'แพ็ค'),
(481, '235265', 'พริกแกงส้ม สูตร 2', '2025-06-27', 2, 11, 'ล้างอุปกรณ์และพื้นที่'),
(482, '230050', 'กระเทียมเล็กปอกเปลือก', '2025-06-27', 0, 1, 'เตรียมอุปกรณ์และวัตถุดิบ'),
(483, '230050', 'กระเทียมเล็กปอกเปลือก', '2025-06-27', 0, 2, 'เเช่กระเทียม'),
(484, '230050', 'กระเทียมเล็กปอกเปลือก', '2025-06-27', 0, 3, 'แกะกระเทียม'),
(485, '230050', 'กระเทียมเล็กปอกเปลือก', '2025-06-27', 0, 4, 'แพ็ค'),
(486, '230050', 'กระเทียมเล็กปอกเปลือก', '2025-06-27', 0, 5, 'ล้างอุปกรณ์และพื้นที่'),
(487, '201001R', 'ไส้อ่อน', '2025-06-27', 1, 1, 'เตรียมอุปกรณ์และวัตถุดิบ | ပစ္စည်းများကို ပြင်ဆင်ပြီး၊ ပုဇွန်ကို ငွေ့ဖျန်းပါ။'),
(488, '201001R', 'ไส้อ่อน', '2025-06-27', 1, 2, 'ลอกใส้เเละล้าง | အူဖွင့်ခြင်းနှင့် ဆေးကြောခြင်း'),
(489, '201001R', 'ไส้อ่อน', '2025-06-27', 1, 3, 'แพ็คใส่ถุง | အိတ်တစ်ခုထဲထည့်ပါ။'),
(490, '201001R', 'ไส้อ่อน', '2025-06-27', 1, 4, 'ล้างอุปกรณ์และพื้นที่ | သန့်ရှင်းရေးလုပ်ခြင်း'),
(491, '235061', 'ไข่พะโล้โบราณ', '2025-06-27', 2, 1, 'เตรียมอุปกรณ์และวัตถุดิบ'),
(492, '235061', 'ไข่พะโล้โบราณ', '2025-06-27', 2, 2, 'ต้มไข่'),
(493, '235061', 'ไข่พะโล้โบราณ', '2025-06-27', 2, 3, 'ทอดเต้าหู้'),
(494, '235061', 'ไข่พะโล้โบราณ', '2025-06-27', 2, 4, 'ตุ๋นหมู'),
(495, '235061', 'ไข่พะโล้โบราณ', '2025-06-27', 2, 5, 'ปอกไข่'),
(496, '235061', 'ไข่พะโล้โบราณ', '2025-06-27', 2, 6, 'ตุ๋นไข่'),
(497, '235061', 'ไข่พะโล้โบราณ', '2025-06-27', 2, 7, 'ปรุงน้ำพะโล้'),
(498, '235061', 'ไข่พะโล้โบราณ', '2025-06-27', 2, 8, 'แพ็ค'),
(499, '235061', 'ไข่พะโล้โบราณ', '2025-06-27', 2, 9, 'ล้างอุปกรณ์และพื้นที่'),
(500, '235261', 'พริกน้ำส้มก๋วยเตี๋ยว 500 กรัม', '2025-06-27', 1, 1, 'เตรียมอุปกรณ์และวัตถุดิบ'),
(501, '235261', 'พริกน้ำส้มก๋วยเตี๋ยว 500 กรัม', '2025-06-27', 1, 2, 'คั่วพริก'),
(502, '235261', 'พริกน้ำส้มก๋วยเตี๋ยว 500 กรัม', '2025-06-27', 1, 3, 'ผสมเครื่องปรุง'),
(503, '235261', 'พริกน้ำส้มก๋วยเตี๋ยว 500 กรัม', '2025-06-27', 1, 4, 'แพ็ค (250 กรัม)'),
(504, '235261', 'พริกน้ำส้มก๋วยเตี๋ยว 500 กรัม', '2025-06-27', 1, 5, 'ล้างอุปกรณ์และพื้นที่'),
(505, '208010', 'ข้าวเหนียวมูน', '2025-06-27', 1, 1, 'เตรียมอุปกรณ์และวัตถุดิบ'),
(506, '208010', 'ข้าวเหนียวมูน', '2025-06-27', 1, 2, 'แพ็ค'),
(507, '208010', 'ข้าวเหนียวมูน', '2025-06-27', 1, 3, 'ล้างอุปกรณ์และพื้นที่'),
(508, '235005', 'คอหมูหมัก', '2025-06-27', 1, 1, 'เตรียมอุปกรณ์และวัตถุดิบ'),
(509, '235005', 'คอหมูหมัก', '2025-06-27', 1, 2, 'หั่นหมู'),
(510, '235005', 'คอหมูหมัก', '2025-06-27', 1, 3, 'ปั่นเครื่องปรุง'),
(511, '235005', 'คอหมูหมัก', '2025-06-27', 1, 4, 'คลุกหมูกับเครื่องปรุง'),
(512, '235005', 'คอหมูหมัก', '2025-06-27', 1, 5, 'แพ็คเเละซีล'),
(513, '235005', 'คอหมูหมัก', '2025-06-27', 1, 6, 'ล้างอุปกรณ์และพื้นที่'),
(514, '230009', 'มะเขือย่าง', '2025-06-27', 1, 1, 'เตรียมอุปกรณ์และวัตถุดิบ'),
(515, '230009', 'มะเขือย่าง', '2025-06-27', 1, 2, 'ย่าง'),
(516, '230009', 'มะเขือย่าง', '2025-06-27', 1, 3, 'ล้างอุปกรณ์และพื้นที่'),
(517, '235002', 'ไก่จ๋าใบเตย', '2025-06-27', 3, 1, 'เตรียมอุปกรณ์และวัตถุดิบ'),
(518, '235002', 'ไก่จ๋าใบเตย', '2025-06-27', 3, 2, 'ชั่งน้ำหนักใส่ไก่ เช็ดใบเตย'),
(519, '235002', 'ไก่จ๋าใบเตย', '2025-06-27', 3, 3, 'ห่อ'),
(520, '235002', 'ไก่จ๋าใบเตย', '2025-06-27', 3, 4, 'นึ่ง'),
(521, '235002', 'ไก่จ๋าใบเตย', '2025-06-27', 3, 5, 'ล้างอุปกรณ์และพื้นที่'),
(522, '303003R', 'เนื้อลูกมะพร้าว (Repack)', '2025-06-27', 1, 1, 'เตรียมอุปกรณ์และวัตถุดิบ'),
(523, '303003R', 'เนื้อลูกมะพร้าว (Repack)', '2025-06-27', 1, 2, 'หั่นเนื้อลูกมะพร้าว'),
(524, '303003R', 'เนื้อลูกมะพร้าว (Repack)', '2025-06-27', 1, 3, 'แรปอาหาร'),
(525, '303003R', 'เนื้อลูกมะพร้าว (Repack)', '2025-06-27', 1, 4, 'แพ็ค'),
(526, '303003R', 'เนื้อลูกมะพร้าว (Repack)', '2025-06-27', 1, 5, 'ล้างอุปกรณ์และพื้นที่'),
(527, '235017', 'น้ำพริกหนุ่ม', '2025-06-27', 1, 1, 'เตรียมอุปกรณ์และวัตถุดิบ'),
(528, '235017', 'น้ำพริกหนุ่ม', '2025-06-27', 1, 2, 'ผสมเครื่อง'),
(529, '235017', 'น้ำพริกหนุ่ม', '2025-06-27', 1, 3, 'ผัด'),
(530, '235017', 'น้ำพริกหนุ่ม', '2025-06-27', 1, 4, 'แพ็ค'),
(531, '235017', 'น้ำพริกหนุ่ม', '2025-06-27', 1, 5, 'ล้างอุปกรณ์และพื้นที่'),
(532, '303012R', 'เนื้อเสือร้องไห้ (Brisket AUS) (Repack)', '2025-06-27', 1, 1, 'เตรียมอุปกรณ์และวัตถุดิบ'),
(533, '303012R', 'เนื้อเสือร้องไห้ (Brisket AUS) (Repack)', '2025-06-27', 1, 2, 'หั่นเนื้อเสือร้องไห้'),
(534, '303012R', 'เนื้อเสือร้องไห้ (Brisket AUS) (Repack)', '2025-06-27', 1, 3, 'แรปอาหาร'),
(535, '303012R', 'เนื้อเสือร้องไห้ (Brisket AUS) (Repack)', '2025-06-27', 1, 4, 'แพ็ค'),
(536, '303012R', 'เนื้อเสือร้องไห้ (Brisket AUS) (Repack)', '2025-06-27', 1, 5, 'ล้างอุปกรณ์และพื้นที่'),
(541, '235220', 'Ankimo (เตรียมวัตถุดิบ)', '2025-07-01', 2, 1, 'เตรียมวัตถุดิบ: ปอกหอมใหญ่ / ล้าง'),
(542, '235220', 'Ankimo (เตรียมวัตถุดิบ)', '2025-07-01', 2, 2, 'เตรียมวัตถุดิบ: หั่นหอม'),
(543, '235220', 'Ankimo (เตรียมวัตถุดิบ)', '2025-07-01', 2, 3, 'เตรียมวัตถุดิบ: ปั่นหอม / กรอง 1 (1 นาที) / แพ็ค'),
(544, '235220', 'Ankimo (เตรียมวัตถุดิบ)', '2025-07-01', 2, 4, 'เตรียมวัตถุดิบ: ตัดแต่งกระเทียม / ล้าง'),
(545, '235220', 'Ankimo (เตรียมวัตถุดิบ)', '2025-07-01', 2, 5, 'เตรียมวัตถุดิบ: ปั่น / แพ็ค'),
(546, '235220', 'Ankimo (เตรียมวัตถุดิบ)', '2025-07-01', 2, 6, 'เตรียมวัตถุดิบ: หั่นตับปลา / แพ็ค'),
(550, '230061 | D1', 'ครีมผสม - Ankimo', '2025-07-01', 2, 1, 'เตรียมอุปกรณ์'),
(551, '230061 | D1', 'ครีมผสม - Ankimo', '2025-07-01', 2, 2, 'เตรียมวัตถุดิบ: หั่นครีมชีส / ชั่งวิปครีม'),
(552, '230061 | D1', 'ครีมผสม - Ankimo', '2025-07-01', 2, 3, 'ตีครีมผสม / แพ็ค'),
(553, '230061 | D1', 'ครีมผสม - Ankimo', '2025-07-01', 2, 4, 'จัดเก็บล้างพื้นที่ปฏิบัติงาน'),
(561, '230060 | D2', 'ส่วนผัด - Ankimo', '2025-07-01', 2, 1, 'เตรียมอุปกรณ์และวัตถุดิบ'),
(562, '230060 | D2', 'ส่วนผัด - Ankimo', '2025-07-01', 2, 2, 'ผัด / แพ็ค ( 2 BT/ 2 Stations) |1'),
(563, '230060 | D2', 'ส่วนผัด - Ankimo', '2025-07-01', 2, 3, 'ผัด / แพ็ค ( 2 BT/ 2 Stations) |2'),
(564, '230060 | D2', 'ส่วนผัด - Ankimo', '2025-07-01', 2, 4, 'ผัด / แพ็ค ( 2 BT/ 2 Stations) |3'),
(565, '230060 | D2', 'ส่วนผัด - Ankimo', '2025-07-01', 2, 5, 'ผัด / แพ็ค ( 2 BT/ 2 Stations) |4'),
(566, '230060 | D2', 'ส่วนผัด - Ankimo', '2025-07-01', 2, 6, 'ผัด / แพ็ค ( 2 BT/ 2 Stations) |5'),
(567, '230060 | D2', 'ส่วนผัด - Ankimo', '2025-07-01', 2, 7, 'ผัด / แพ็ค ( 2 BT/ 2 Stations) |6'),
(568, '230060 | D2', 'ส่วนผัด - Ankimo', '2025-07-01', 2, 8, 'เข้า Blast Freezer (2 ชม.)'),
(569, '230060 | D2', 'ส่วนผัด - Ankimo', '2025-07-01', 2, 9, 'จัดเก็บล้างพื้นที่ปฏิบัติงาน'),
(578, '235220 | D1', 'Ankimo (เตรียมวัตถุดิบ)', '2025-07-01', 2, 1, 'เตรียมอุปกรณ์'),
(579, '235220 | D1', 'Ankimo (เตรียมวัตถุดิบ)', '2025-07-01', 2, 2, 'เตรียมวัตถุดิบ: ปอกหอมใหญ่ / ล้าง'),
(580, '235220 | D1', 'Ankimo (เตรียมวัตถุดิบ)', '2025-07-01', 2, 3, 'เตรียมวัตถุดิบ: หั่นหอม'),
(581, '235220 | D1', 'Ankimo (เตรียมวัตถุดิบ)', '2025-07-01', 2, 4, 'เตรียมวัตถุดิบ: ปั่นหอม / กรอง 1 (1 นาที) / แพ็ค'),
(582, '235220 | D1', 'Ankimo (เตรียมวัตถุดิบ)', '2025-07-01', 2, 5, 'เตรียมวัตถุดิบ: ตัดแต่งกระเทียม / ล้าง'),
(583, '235220 | D1', 'Ankimo (เตรียมวัตถุดิบ)', '2025-07-01', 2, 6, 'เตรียมวัตถุดิบ: ปั่น / แพ็ค'),
(584, '235220 | D1', 'Ankimo (เตรียมวัตถุดิบ)', '2025-07-01', 2, 7, 'เตรียมวัตถุดิบ: หั่นตับปลา / แพ็ค'),
(585, '235220 | D1', 'Ankimo (เตรียมวัตถุดิบ)', '2025-07-01', 2, 8, 'จัดเก็บล้างพื้นที่ปฏิบัติงาน'),
(644, '230060-d2', 'ส่วนผัด - Ankimo', '2025-07-01', 2, 1, 'เตรียมอุปกรณ์และวัตถุดิบ'),
(645, '230060-d2', 'ส่วนผัด - Ankimo', '2025-07-01', 2, 2, 'ผัด / แพ็ค ( 2 BT/ 2 Stations)-1'),
(646, '230060-d2', 'ส่วนผัด - Ankimo', '2025-07-01', 2, 3, 'ผัด / แพ็ค ( 2 BT/ 2 Stations)-2'),
(647, '230060-d2', 'ส่วนผัด - Ankimo', '2025-07-01', 2, 4, 'ผัด / แพ็ค ( 2 BT/ 2 Stations)-3'),
(648, '230060-d2', 'ส่วนผัด - Ankimo', '2025-07-01', 2, 5, 'ผัด / แพ็ค ( 2 BT/ 2 Stations)-4'),
(649, '230060-d2', 'ส่วนผัด - Ankimo', '2025-07-01', 2, 6, 'ผัด / แพ็ค ( 2 BT/ 2 Stations)-5'),
(650, '230060-d2', 'ส่วนผัด - Ankimo', '2025-07-01', 2, 7, 'ผัด / แพ็ค ( 2 BT/ 2 Stations)-6'),
(651, '230060-d2', 'ส่วนผัด - Ankimo', '2025-07-01', 2, 8, 'เข้า Blast Freezer (2 ชม.)'),
(652, '230060-d2', 'ส่วนผัด - Ankimo', '2025-07-01', 2, 9, 'จัดเก็บล้างพื้นที่ปฏิบัติงาน'),
(653, '235220-D1', 'Ankimo pate (เตรียมวัตถุดิบ)', '2025-07-01', 2, 1, 'เตรียมอุปกรณ์'),
(654, '235220-D1', 'Ankimo pate (เตรียมวัตถุดิบ)', '2025-07-01', 2, 2, 'เตรียมวัตถุดิบ: ปอกหอมใหญ่ / ล้าง'),
(655, '235220-D1', 'Ankimo pate (เตรียมวัตถุดิบ)', '2025-07-01', 2, 3, 'เตรียมวัตถุดิบ: หั่นหอม'),
(656, '235220-D1', 'Ankimo pate (เตรียมวัตถุดิบ)', '2025-07-01', 2, 4, 'เตรียมวัตถุดิบ: ปั่นหอม / กรอง  (1 นาที) / แพ็ค'),
(657, '235220-D1', 'Ankimo pate (เตรียมวัตถุดิบ)', '2025-07-01', 2, 5, 'เตรียมวัตถุดิบ: ตัดแต่งกระเทียม / ล้าง'),
(658, '235220-D1', 'Ankimo pate (เตรียมวัตถุดิบ)', '2025-07-01', 2, 6, 'เตรียมวัตถุดิบ: ปั่น / แพ็ค'),
(659, '235220-D1', 'Ankimo pate (เตรียมวัตถุดิบ)', '2025-07-01', 2, 7, 'เตรียมวัตถุดิบ: หั่นตับปลา / แพ็ค'),
(660, '235220-D1', 'Ankimo pate (เตรียมวัตถุดิบ)', '2025-07-01', 2, 8, 'เก็บล้างพื้นที่และอุปกรณ์'),
(661, '230061-D1', 'ครีมผสม - Ankimo', '2025-07-01', 2, 1, 'เตรียมอุปกรณ์'),
(662, '230061-D1', 'ครีมผสม - Ankimo', '2025-07-01', 2, 2, 'เตรียมวัตถุดิบ: หั่นครีมชีส / ชั่งวิปครีม'),
(663, '230061-D1', 'ครีมผสม - Ankimo', '2025-07-01', 2, 3, 'ตีครีมผสม / แพ็ค'),
(664, '230061-D1', 'ครีมผสม - Ankimo', '2025-07-01', 2, 4, 'ล้างพื้นที่และอุปกรณ์'),
(665, '335003', 'อกไก่ปั้น', '2025-07-02', 0, 1, 'เตรียมอุปกรณ์และวัตถุดิบ'),
(666, '335003', 'อกไก่ปั้น', '2025-07-02', 0, 2, 'ใส่ถุง / ขึ้นรูป /ใส่ถุงแพ็ค'),
(667, '335003', 'อกไก่ปั้น', '2025-07-02', 0, 3, 'ทำ Sticker'),
(668, '335003', 'อกไก่ปั้น', '2025-07-02', 0, 4, 'ล้างอุปกรณ์และพื้นที่'),
(669, '230060', 'หมูกรอบ', '2025-07-03', 0, 1, 'เตรียมอุปกรณ์และวัตถุดิบ'),
(670, '230060', 'หมูกรอบ', '2025-07-03', 0, 2, 'ต้มน้ำ'),
(671, '230060', 'หมูกรอบ', '2025-07-03', 0, 3, 'ต้มเนื้อหมู'),
(672, '230060', 'หมูกรอบ', '2025-07-03', 0, 4, 'ล้างเนื้อหมู แทงเนื้อหมู ทาเกลือ และน้ำส้มสายชูบนเนื้อหมู'),
(673, '230060', 'หมูกรอบ', '2025-07-03', 0, 5, 'อบหมู'),
(674, '230060', 'หมูกรอบ', '2025-07-03', 0, 6, 'พักหมู'),
(675, '230060', 'หมูกรอบ', '2025-07-03', 0, 7, 'ทอดหมู'),
(676, '230060', 'หมูกรอบ', '2025-07-03', 0, 8, 'พักหมู'),
(677, '230060', 'หมูกรอบ', '2025-07-03', 0, 9, 'แพ็ค'),
(678, '230060', 'หมูกรอบ', '2025-07-03', 0, 10, 'ล้างอุปกรณ์และพื้นที่'),
(679, '235028', 'หมูกรอบ', '2025-07-03', 0, 1, 'เตรียมอุปกรณ์และวัตถุดิบ'),
(680, '235028', 'หมูกรอบ', '2025-07-03', 0, 2, 'ต้มน้ำ'),
(681, '235028', 'หมูกรอบ', '2025-07-03', 0, 3, 'ต้มเนื้อหมู'),
(682, '235028', 'หมูกรอบ', '2025-07-03', 0, 4, 'ล้างเนื้อหมู แทงเนื้อหมู ทาเกลือ และน้ำส้มสายชูบนเนื้อหมู'),
(683, '235028', 'หมูกรอบ', '2025-07-03', 0, 5, 'อบหมู'),
(684, '235028', 'หมูกรอบ', '2025-07-03', 0, 6, 'พักหมู'),
(685, '235028', 'หมูกรอบ', '2025-07-03', 0, 7, 'ทอดหมู'),
(686, '235028', 'หมูกรอบ', '2025-07-03', 0, 8, 'พักหมู'),
(687, '235028', 'หมูกรอบ', '2025-07-03', 0, 9, 'แพ็ค'),
(688, '235028', 'หมูกรอบ', '2025-07-03', 0, 10, 'ล้างอุปกรณ์และพื้นที่'),
(689, '235220-d3', 'Ankimo pate (ปั่นผสม)', '2025-07-03', 3, 1, 'เตรียมอุปกรณ์และวัตถุดิบ'),
(690, '235220-d3', 'Ankimo pate (ปั่นผสม)', '2025-07-03', 3, 2, 'เตรียมวัตถุดิบ: หั่น(ส่วนผัด) / แพ็ค / เข้าแช่แข็ง'),
(691, '235220-d3', 'Ankimo pate (ปั่นผสม)', '2025-07-03', 3, 3, 'ปั่นผสม: ปั่น / เข้าตู้ชิล (2 BT-1)'),
(692, '235220-d3', 'Ankimo pate (ปั่นผสม)', '2025-07-03', 3, 4, 'ปั่นผสม: ปั่น / เข้าตู้ชิล (2 BT-2)'),
(693, '235220-d3', 'Ankimo pate (ปั่นผสม)', '2025-07-03', 3, 5, 'ปั่นผสม: ปั่น / เข้าตู้ชิล (2 BT-3)'),
(694, '235220-d3', 'Ankimo pate (ปั่นผสม)', '2025-07-03', 3, 6, 'ปั่นผสม: ปั่น / เข้าตู้ชิล (2 BT-4)'),
(695, '235220-d3', 'Ankimo pate (ปั่นผสม)', '2025-07-03', 3, 7, 'ปั่นผสม: ปั่น / เข้าตู้ชิล (2 BT-5)'),
(696, '235220-d3', 'Ankimo pate (ปั่นผสม)', '2025-07-03', 3, 8, 'ปั่นผสม: ปั่น / เข้าตู้ชิล (2 BT-6)'),
(697, '235220-d3', 'Ankimo pate (ปั่นผสม)', '2025-07-03', 3, 9, 'ปั่นผสม: ปั่น / เข้าตู้ชิล (2 BT-7)'),
(698, '235220-d3', 'Ankimo pate (ปั่นผสม)', '2025-07-03', 3, 10, 'ปั่นผสม: ปั่น / เข้าตู้ชิล (2 BT-8)'),
(699, '235220-d3', 'Ankimo pate (ปั่นผสม)', '2025-07-03', 3, 11, 'ปั่นผสม: ปั่น / เข้าตู้ชิล (2 BT-9)'),
(700, '235220-d3', 'Ankimo pate (ปั่นผสม)', '2025-07-03', 3, 12, 'แพ็ค / ติดสติ๊กเกอร์ / เข้าตู้ Blast Freezer'),
(701, '235220-d3', 'Ankimo pate (ปั่นผสม)', '2025-07-03', 3, 13, 'จัดเก็บล้างพื้นที่ปฏิบัติงาน');

-- --------------------------------------------------------

--
-- Table structure for table `users`
--

CREATE TABLE `users` (
  `id` int(11) NOT NULL,
  `id_code` varchar(50) NOT NULL,
  `name` varchar(100) NOT NULL
) ENGINE=InnoDB DEFAULT CHARSET=utf8mb4 COLLATE=utf8mb4_general_ci;

--
-- Dumping data for table `users`
--

INSERT INTO `users` (`id`, `id_code`, `name`) VALUES
(1, 'arm', 'อาร์ม'),
(2, 'saam', 'สาม'),
(3, 'toon', 'พี่ตุ่น'),
(4, 'man', 'แมน'),
(5, 'sanya', 'พี่สัญญา'),
(6, 'noi', 'ป้าน้อย'),
(7, 'pha', 'พี่ภา'),
(8, 'ae', 'เอ'),
(9, 'rd', 'RD'),
(10, 'EMP001', 'โอเล่'),
(11, 'EMP002', 'จรัญ'),
(12, 'EMP003', 'เอ'),
(13, 'EMP004', 'สาม'),
(14, 'EMP005', 'อาร์ม'),
(15, 'EMP006', 'พี่ตุ่น'),
(16, 'EMP007', 'แมน'),
(17, 'EMP008', 'ป้าน้อย'),
(18, 'EMP009', 'พี่ภา');

-- --------------------------------------------------------

--
-- Table structure for table `work_plans`
--

CREATE TABLE `work_plans` (
  `id` int(11) NOT NULL,
  `production_date` date NOT NULL,
  `job_code` varchar(50) NOT NULL,
  `job_name` varchar(255) DEFAULT NULL,
  `start_time` time DEFAULT NULL,
  `end_time` time DEFAULT NULL
) ENGINE=InnoDB DEFAULT CHARSET=utf8mb4 COLLATE=utf8mb4_general_ci;

--
-- Dumping data for table `work_plans`
--

INSERT INTO `work_plans` (`id`, `production_date`, `job_code`, `job_name`, `start_time`, `end_time`) VALUES
(1, '2025-07-02', '235191', 'ซอสหมี่กะเฉด', '09:00:00', '09:15:00'),
(2, '2025-07-02', '235062', 'มัสมั่นไก่', '09:00:00', '12:30:00'),
(3, '2025-07-02', '335003', 'อกไก่ปั้น', '13:15:00', '13:45:00'),
(4, '2025-07-02', '235212', 'หมูปั้นก้อนนึ่ง 6 ชิ้น (40 กรัม: ชิ้น)', '09:00:00', '12:00:00'),
(5, '2025-07-02', 'temp-001', 'มะม่วงกวน', '08:30:00', '12:00:00'),
(6, '2025-07-02', '235220-D1', 'Ankimo pate (เตรียมวัตถุดิบ)', '09:00:00', '12:00:00'),
(7, '2025-07-02', '235265', 'พริกแกงส้ม สูตร 2', '13:15:00', '16:00:00'),
(8, '2025-07-02', '230061 | D1', 'ครีมผสม - Ankimo', '13:15:00', '16:00:00'),
(9, '2025-07-23', '304011R', 'ปลากระพง 640 - 700 กรัม (ตัว) (Repack)', '14:00:00', '14:15:00'),
(10, '2025-07-23', '305025R', 'ปลาหมึกกล้วยไข่ (Repack)', '14:15:00', '14:30:00'),
(11, '2025-07-23', 'temp-001', 'เนื้อปลากระพงขาวแล่ติดหนัง 300-500g/ชิ้น (Repack)', '14:30:00', '14:45:00'),
(12, '2025-07-23', '235032', 'อกไก่หมัก', '09:00:00', '11:00:00'),
(13, '2025-07-23', '235265', 'พริกแกงส้ม สูตร 2', '09:00:00', '14:00:00'),
(14, '2025-07-23', '235052', 'แป้งไก่มะนาว', '14:00:00', '16:00:00'),
(15, '2025-07-23', 'temp-002', 'Ankimo Pate 250g/pc', '09:00:00', '16:00:00'),
(16, '2025-07-23', 'temp-003', 'ซอสหมี่กะเฉด (Repack)', '09:00:00', '09:30:00'),
(17, '2025-07-23', 'temp-004', 'ผัก', '11:00:00', '16:00:00'),
(18, '2025-07-23', '235013', 'น้ำจิ้มเมี่ยงคำ', '09:00:00', '12:30:00'),
(19, '2025-07-23', '305024R', 'ปลาหมึกแดดเดียว (Repack)', '13:30:00', '15:00:00'),
(20, '2025-07-23', 'temp-005', 'แป้งทอดมันข้าวโพด', '13:30:00', '15:00:00'),
(21, '2025-07-03', '304011R', 'ปลากระพง 640 - 700 กรัม (ตัว) (Repack)', '14:00:00', '14:15:00'),
(22, '2025-07-03', '305025R', 'ปลาหมึกกล้วยไข่ (Repack)', '14:15:00', '14:30:00'),
(23, '2025-07-03', 'temp-001', 'เนื้อปลากระพงขาวแล่ติดหนัง 300-500g/ชิ้น (Repack)', '14:30:00', '14:45:00'),
(24, '2025-07-03', '235032', 'อกไก่หมัก', '09:00:00', '11:00:00'),
(25, '2025-07-03', '235265', 'พริกแกงส้ม สูตร 2', '09:00:00', '14:00:00'),
(26, '2025-07-03', '235052', 'แป้งไก่มะนาว', '14:00:00', '16:00:00'),
(27, '2025-07-03', '119111', 'Ankimo Pate 250g/pc', '09:00:00', '16:00:00'),
(28, '2025-07-03', '235191R', 'ซอสหมี่กะเฉด (Repack)', '09:00:00', '09:30:00'),
(29, '2025-07-03', 'temp-002', 'ผัก', '11:00:00', '16:00:00'),
(30, '2025-07-03', '235013', 'น้ำจิ้มเมี่ยงคำ', '09:00:00', '12:30:00'),
(31, '2025-07-03', '305024R', 'ปลาหมึกแดดเดียว (Repack)', '13:30:00', '15:00:00'),
(32, '2025-07-03', '235070', 'แป้งทอดมันข้าวโพด', '13:30:00', '15:00:00'),
(33, '2025-07-03', '230060-D2', 'ส่วนผัด - Ankimo', '09:00:00', '15:30:00'),
(34, '2025-07-04', '303004R', 'เนื้อชัคโรล (Chuck Roll) (Repack)', '09:00:00', '09:30:00'),
(35, '2025-07-04', '230005', 'หมูสะเต๊ะหมัก', '09:30:00', '11:00:00'),
(36, '2025-07-04', '235030', 'หมูทรงเครื่อง', '11:00:00', '12:15:00'),
(37, '2025-07-04', '235028', 'หมูกรอบ', '09:00:00', '15:00:00'),
(38, '2025-07-04', '235016', 'น้ำพริกลงเรือ', '10:30:00', '12:00:00'),
(39, '2025-07-04', '235153', 'น้ำจิ้มแจ่ว(Meating)', '09:00:00', '10:30:00'),
(40, '2025-07-04', '235073', 'น้ำจิ้มสุกี้', '10:30:00', '12:15:00'),
(41, '2025-07-04', '235274', 'ซอสผัดไข่เค็ม 145 กรัม ( 1 x 5 )', '13:15:00', '14:30:00'),
(42, '2025-07-04', '235206', 'แป้งจุ๋ยก๊วย', '08:00:00', '14:30:00'),
(43, '2025-07-04', '235246', 'Premixed  ชาไทย', '14:30:00', '15:30:00'),
(44, '2025-07-04', '235245', 'Premixed เต้าฮวย', '15:30:00', '16:30:00'),
(45, '2025-07-04', '119111', 'Ankimo Pate 250g/pc', '09:00:00', '16:30:00'),
(46, '2025-07-04', '240055', 'มะม่วงกวน', '14:30:00', '16:30:00'),
(47, '2025-07-04', '235220-D3', 'Ankimo pate (ปั่นผสม)', '09:00:00', '16:30:00');

-- --------------------------------------------------------

--
-- Table structure for table `work_plan_operators`
--

CREATE TABLE `work_plan_operators` (
  `id` int(11) NOT NULL,
  `work_plan_id` int(11) NOT NULL,
  `user_id` int(11) DEFAULT NULL,
  `id_code` varchar(50) DEFAULT NULL
) ENGINE=InnoDB DEFAULT CHARSET=utf8mb4 COLLATE=utf8mb4_general_ci;

--
-- Dumping data for table `work_plan_operators`
--

INSERT INTO `work_plan_operators` (`id`, `work_plan_id`, `user_id`, `id_code`) VALUES
(92, 1, 8, NULL),
(93, 2, 1, NULL),
(94, 2, 9, NULL),
(95, 3, 1, NULL),
(96, 4, 2, NULL),
(97, 4, 6, NULL),
(98, 4, 8, NULL),
(99, 5, 7, NULL),
(100, 6, 3, NULL),
(101, 6, 4, NULL),
(102, 6, 5, NULL),
(103, 6, 9, NULL),
(104, 7, 6, NULL),
(105, 7, 2, NULL),
(106, 7, 8, NULL),
(107, 8, 3, NULL),
(108, 8, 4, NULL),
(109, 8, 5, NULL),
(110, 8, 9, NULL),
(111, 12, 8, NULL),
(112, 12, 2, NULL),
(113, 13, 1, NULL),
(114, 14, 1, NULL),
(115, 15, 3, NULL),
(116, 15, 4, NULL),
(117, 16, 6, NULL),
(118, 17, 6, NULL),
(119, 17, 8, NULL),
(120, 17, 2, NULL),
(121, 18, 9, NULL),
(122, 19, 9, NULL),
(123, 20, 7, NULL),
(156, 1, NULL, 'EMP001'),
(157, 2, NULL, 'EMP001'),
(158, 3, NULL, 'EMP001'),
(159, 4, NULL, 'EMP003'),
(160, 4, NULL, 'EMP004'),
(161, 5, NULL, 'EMP005'),
(162, 6, NULL, 'EMP005'),
(163, 7, NULL, 'EMP006'),
(164, 7, NULL, 'EMP007'),
(165, 8, NULL, 'EMP008'),
(166, 9, NULL, 'EMP008'),
(167, 9, NULL, 'EMP003'),
(168, 9, NULL, 'EMP004'),
(169, 10, NULL, 'EMP002'),
(170, 11, NULL, 'EMP002'),
(171, 12, NULL, 'EMP009'),
(188, 21, NULL, 'EMP001'),
(189, 22, NULL, 'EMP001'),
(190, 23, NULL, 'EMP001'),
(191, 24, NULL, 'EMP003'),
(192, 24, NULL, 'EMP004'),
(193, 25, NULL, 'EMP005'),
(194, 26, NULL, 'EMP005'),
(195, 27, NULL, 'EMP006'),
(196, 27, NULL, 'EMP007'),
(197, 28, NULL, 'EMP008'),
(198, 29, NULL, 'EMP008'),
(199, 29, NULL, 'EMP003'),
(200, 29, NULL, 'EMP004'),
(201, 30, NULL, 'EMP002'),
(202, 31, NULL, 'EMP002'),
(203, 32, NULL, 'EMP009'),
(204, 33, NULL, 'rd'),
(205, 34, NULL, 'ae'),
(206, 35, NULL, 'ae'),
(207, 36, NULL, 'ae'),
(208, 37, NULL, 'EMP005'),
(209, 37, NULL, 'man'),
(210, 38, NULL, 'EMP005'),
(211, 39, NULL, 'EMP004'),
(212, 39, NULL, 'noi'),
(213, 40, NULL, 'EMP004'),
(214, 40, NULL, 'noi'),
(215, 41, NULL, 'EMP004'),
(216, 41, NULL, 'noi'),
(217, 42, NULL, 'pha'),
(218, 43, NULL, 'pha'),
(219, 44, NULL, 'pha'),
(220, 45, NULL, 'toon'),
(221, 45, NULL, 'man'),
(222, 46, NULL, 'noi'),
(223, 46, NULL, 'EMP004'),
(224, 46, NULL, 'ae'),
(225, 47, NULL, 'rd');

--
-- Indexes for dumped tables
--

--
-- Indexes for table `finished_flags`
--
ALTER TABLE `finished_flags`
  ADD PRIMARY KEY (`work_plan_id`);

--
-- Indexes for table `logs`
--
ALTER TABLE `logs`
  ADD PRIMARY KEY (`id`),
  ADD KEY `work_plan_id` (`work_plan_id`);

--
-- Indexes for table `process_steps`
--
ALTER TABLE `process_steps`
  ADD PRIMARY KEY (`id`);

--
-- Indexes for table `users`
--
ALTER TABLE `users`
  ADD PRIMARY KEY (`id`),
  ADD UNIQUE KEY `id_code` (`id_code`);

--
-- Indexes for table `work_plans`
--
ALTER TABLE `work_plans`
  ADD PRIMARY KEY (`id`);

--
-- Indexes for table `work_plan_operators`
--
ALTER TABLE `work_plan_operators`
  ADD PRIMARY KEY (`id`),
  ADD KEY `work_plan_id` (`work_plan_id`);

--
-- AUTO_INCREMENT for dumped tables
--

--
-- AUTO_INCREMENT for table `logs`
--
ALTER TABLE `logs`
  MODIFY `id` int(11) NOT NULL AUTO_INCREMENT, AUTO_INCREMENT=149;

--
-- AUTO_INCREMENT for table `process_steps`
--
ALTER TABLE `process_steps`
  MODIFY `id` int(11) NOT NULL AUTO_INCREMENT, AUTO_INCREMENT=702;

--
-- AUTO_INCREMENT for table `users`
--
ALTER TABLE `users`
  MODIFY `id` int(11) NOT NULL AUTO_INCREMENT, AUTO_INCREMENT=19;

--
-- AUTO_INCREMENT for table `work_plans`
--
ALTER TABLE `work_plans`
  MODIFY `id` int(11) NOT NULL AUTO_INCREMENT, AUTO_INCREMENT=48;

--
-- AUTO_INCREMENT for table `work_plan_operators`
--
ALTER TABLE `work_plan_operators`
  MODIFY `id` int(11) NOT NULL AUTO_INCREMENT, AUTO_INCREMENT=226;

--
-- Constraints for dumped tables
--

--
-- Constraints for table `finished_flags`
--
ALTER TABLE `finished_flags`
  ADD CONSTRAINT `finished_flags_ibfk_1` FOREIGN KEY (`work_plan_id`) REFERENCES `work_plans` (`id`) ON DELETE CASCADE;

--
-- Constraints for table `logs`
--
ALTER TABLE `logs`
  ADD CONSTRAINT `logs_ibfk_1` FOREIGN KEY (`work_plan_id`) REFERENCES `work_plans` (`id`) ON DELETE CASCADE;

--
-- Constraints for table `work_plan_operators`
--
ALTER TABLE `work_plan_operators`
  ADD CONSTRAINT `work_plan_operators_ibfk_1` FOREIGN KEY (`work_plan_id`) REFERENCES `work_plans` (`id`) ON DELETE CASCADE;
COMMIT;

/*!40101 SET CHARACTER_SET_CLIENT=@OLD_CHARACTER_SET_CLIENT */;
/*!40101 SET CHARACTER_SET_RESULTS=@OLD_CHARACTER_SET_RESULTS */;
/*!40101 SET COLLATION_CONNECTION=@OLD_COLLATION_CONNECTION */;
